Time,Open,High,Low,Close,Volume,index
2019-10-03T05:00:00+0000,52.44,52.44,52.23,52.27,30,2019-10-03T05:00:00+0000
2019-10-03T06:00:00+0000,52.26,52.36,52.15,52.32,38,2019-10-03T06:00:00+0000
2019-10-03T07:00:00+0000,52.27,52.31,52.13,52.21,117,2019-10-03T07:00:00+0000
2019-10-03T08:00:00+0000,52.25,52.45,52.07,52.26,201,2019-10-03T08:00:00+0000
2019-10-03T09:00:00+0000,52.3,52.3,51.88,52.14,163,2019-10-03T09:00:00+0000
2019-10-03T10:00:00+0000,52.15,52.26,52.0,52.11,123,2019-10-03T10:00:00+0000
2019-10-03T11:00:00+0000,52.15,52.35,51.95,52.09,174,2019-10-03T11:00:00+0000
2019-10-03T12:00:00+0000,52.08,52.18,51.95,52.02,187,2019-10-03T12:00:00+0000
2019-10-03T13:00:00+0000,51.99,51.99,51.34,51.43,933,2019-10-03T13:00:00+0000
2019-10-03T14:00:00+0000,51.38,51.43,50.69,51.31,1550,2019-10-03T14:00:00+0000
2019-10-03T15:00:00+0000,51.3,51.88,51.2,51.6,1019,2019-10-03T15:00:00+0000
2019-10-03T16:00:00+0000,51.59,51.89,51.59,51.78,476,2019-10-03T16:00:00+0000
2019-10-03T17:00:00+0000,51.78,52.23,51.55,52.08,921,2019-10-03T17:00:00+0000
2019-10-03T18:00:00+0000,52.07,52.33,52.03,52.15,727,2019-10-03T18:00:00+0000
2019-10-03T19:00:00+0000,52.15,52.15,51.93,52.04,201,2019-10-03T19:00:00+0000
2019-10-03T20:00:00+0000,52.05,52.06,51.99,51.99,85,2019-10-03T20:00:00+0000
2019-10-03T22:00:00+0000,52.0,52.1,52.0,52.09,13,2019-10-03T22:00:00+0000
2019-10-03T23:00:00+0000,52.09,52.09,52.08,52.08,3,2019-10-03T23:00:00+0000
2019-10-04T00:00:00+0000,52.11,52.35,52.11,52.35,32,2019-10-04T00:00:00+0000
2019-10-04T01:00:00+0000,52.41,52.41,52.28,52.36,22,2019-10-04T01:00:00+0000
2019-10-04T02:00:00+0000,52.32,52.41,52.32,52.39,56,2019-10-04T02:00:00+0000
2019-10-04T03:00:00+0000,52.36,52.37,52.34,52.34,13,2019-10-04T03:00:00+0000
2019-10-04T04:00:00+0000,52.38,52.46,52.38,52.45,8,2019-10-04T04:00:00+0000
2019-10-04T05:00:00+0000,52.48,52.61,52.45,52.46,75,2019-10-04T05:00:00+0000
2019-10-04T06:00:00+0000,52.47,52.47,52.26,52.26,28,2019-10-04T06:00:00+0000
2019-10-04T07:00:00+0000,52.25,52.66,52.22,52.56,147,2019-10-04T07:00:00+0000
2019-10-04T08:00:00+0000,52.57,52.6,52.28,52.49,143,2019-10-04T08:00:00+0000
2019-10-04T09:00:00+0000,52.48,52.59,52.31,52.36,125,2019-10-04T09:00:00+0000
2019-10-04T10:00:00+0000,52.38,52.41,52.02,52.21,136,2019-10-04T10:00:00+0000
2019-10-04T11:00:00+0000,52.22,52.39,52.18,52.38,229,2019-10-04T11:00:00+0000
2019-10-04T12:00:00+0000,52.37,53.0,52.29,52.91,591,2019-10-04T12:00:00+0000
2019-10-04T13:00:00+0000,52.91,53.0,52.57,52.96,1288,2019-10-04T13:00:00+0000
2019-10-04T14:00:00+0000,52.98,53.04,52.41,52.56,645,2019-10-04T14:00:00+0000
2019-10-04T15:00:00+0000,52.58,52.74,52.27,52.51,767,2019-10-04T15:00:00+0000
2019-10-04T16:00:00+0000,52.51,52.55,51.96,52.07,533,2019-10-04T16:00:00+0000
2019-10-04T17:00:00+0000,52.06,52.42,51.82,52.4,571,2019-10-04T17:00:00+0000
2019-10-04T18:00:00+0000,52.44,52.65,52.33,52.42,870,2019-10-04T18:00:00+0000
2019-10-04T19:00:00+0000,52.45,52.65,52.45,52.59,102,2019-10-04T19:00:00+0000
2019-10-04T20:00:00+0000,52.62,52.73,52.57,52.72,56,2019-10-04T20:00:00+0000
2019-10-06T22:00:00+0000,52.49,52.55,52.37,52.49,114,2019-10-06T22:00:00+0000
2019-10-06T23:00:00+0000,52.45,52.5,52.45,52.45,5,2019-10-06T23:00:00+0000
2019-10-07T00:00:00+0000,52.4,52.51,52.4,52.51,36,2019-10-07T00:00:00+0000
2019-10-07T01:00:00+0000,52.44,52.44,52.4,52.42,16,2019-10-07T01:00:00+0000
2019-10-07T02:00:00+0000,52.46,52.46,52.36,52.39,27,2019-10-07T02:00:00+0000
2019-10-07T03:00:00+0000,52.41,52.44,52.39,52.44,26,2019-10-07T03:00:00+0000
2019-10-07T04:00:00+0000,52.47,52.64,52.47,52.57,35,2019-10-07T04:00:00+0000
2019-10-07T05:00:00+0000,52.57,52.62,52.56,52.58,21,2019-10-07T05:00:00+0000
2019-10-07T06:00:00+0000,52.59,52.68,52.59,52.61,15,2019-10-07T06:00:00+0000
2019-10-07T07:00:00+0000,52.59,52.79,52.53,52.72,88,2019-10-07T07:00:00+0000
2019-10-07T08:00:00+0000,52.77,52.96,52.68,52.91,126,2019-10-07T08:00:00+0000
2019-10-07T09:00:00+0000,52.9,52.97,52.69,52.84,162,2019-10-07T09:00:00+0000
2019-10-07T10:00:00+0000,52.83,53.22,52.75,53.19,183,2019-10-07T10:00:00+0000
2019-10-07T11:00:00+0000,53.17,53.26,53.07,53.23,364,2019-10-07T11:00:00+0000
2019-10-07T12:00:00+0000,53.2,53.42,53.12,53.24,655,2019-10-07T12:00:00+0000
2019-10-07T13:00:00+0000,53.2,53.35,52.91,53.29,1272,2019-10-07T13:00:00+0000
2019-10-07T14:00:00+0000,53.29,53.64,53.1,53.63,1299,2019-10-07T14:00:00+0000
2019-10-07T15:00:00+0000,53.63,53.74,53.34,53.37,1035,2019-10-07T15:00:00+0000
2019-10-07T16:00:00+0000,53.37,53.49,53.32,53.35,404,2019-10-07T16:00:00+0000
2019-10-07T17:00:00+0000,53.33,53.34,52.65,52.79,1475,2019-10-07T17:00:00+0000
2019-10-07T18:00:00+0000,52.8,52.84,52.41,52.56,1785,2019-10-07T18:00:00+0000
2019-10-07T19:00:00+0000,52.57,52.86,52.54,52.72,280,2019-10-07T19:00:00+0000
2019-10-07T20:00:00+0000,52.73,52.76,52.54,52.56,68,2019-10-07T20:00:00+0000
2019-10-07T22:00:00+0000,52.61,52.72,52.61,52.72,15,2019-10-07T22:00:00+0000
2019-10-07T23:00:00+0000,52.66,52.75,52.66,52.73,4,2019-10-07T23:00:00+0000
2019-10-08T00:00:00+0000,52.75,52.85,52.75,52.85,17,2019-10-08T00:00:00+0000
2019-10-08T01:00:00+0000,52.87,52.9,52.78,52.86,22,2019-10-08T01:00:00+0000
2019-10-08T02:00:00+0000,52.87,52.87,52.85,52.85,16,2019-10-08T02:00:00+0000
2019-10-08T03:00:00+0000,52.85,52.93,52.85,52.89,25,2019-10-08T03:00:00+0000
2019-10-08T04:00:00+0000,52.88,52.9,52.83,52.88,23,2019-10-08T04:00:00+0000
2019-10-08T05:00:00+0000,52.87,52.99,52.81,52.99,20,2019-10-08T05:00:00+0000
2019-10-08T06:00:00+0000,52.98,53.05,52.91,52.92,52,2019-10-08T06:00:00+0000
2019-10-08T07:00:00+0000,52.88,52.9,52.65,52.65,80,2019-10-08T07:00:00+0000
2019-10-08T08:00:00+0000,52.66,52.91,52.59,52.91,182,2019-10-08T08:00:00+0000
2019-10-08T09:00:00+0000,52.94,53.03,52.3,52.48,251,2019-10-08T09:00:00+0000
2019-10-08T10:00:00+0000,52.45,52.46,52.15,52.24,264,2019-10-08T10:00:00+0000
2019-10-08T11:00:00+0000,52.18,52.18,51.68,51.79,724,2019-10-08T11:00:00+0000
2019-10-08T12:00:00+0000,51.79,51.92,51.65,51.88,551,2019-10-08T12:00:00+0000
2019-10-08T13:00:00+0000,51.87,52.09,51.7,51.94,1937,2019-10-08T13:00:00+0000
2019-10-08T14:00:00+0000,51.94,52.48,51.88,52.43,1163,2019-10-08T14:00:00+0000
2019-10-08T15:00:00+0000,52.44,52.47,51.98,52.13,1179,2019-10-08T15:00:00+0000
2019-10-08T16:00:00+0000,52.11,52.23,51.9,52.2,1022,2019-10-08T16:00:00+0000
2019-10-08T17:00:00+0000,52.21,52.31,52.05,52.18,514,2019-10-08T17:00:00+0000
2019-10-08T18:00:00+0000,52.18,52.6,51.8,52.46,2064,2019-10-08T18:00:00+0000
2019-10-08T19:00:00+0000,52.44,52.68,52.1,52.1,278,2019-10-08T19:00:00+0000
2019-10-08T20:00:00+0000,52.17,52.46,52.07,52.45,189,2019-10-08T20:00:00+0000
2019-10-08T22:00:00+0000,52.45,52.47,52.28,52.28,18,2019-10-08T22:00:00+0000
2019-10-08T23:00:00+0000,52.26,52.26,52.25,52.26,4,2019-10-08T23:00:00+0000
2019-10-09T00:00:00+0000,52.26,52.32,52.24,52.28,8,2019-10-09T00:00:00+0000
2019-10-09T01:00:00+0000,52.28,52.37,52.21,52.23,44,2019-10-09T01:00:00+0000
2019-10-09T02:00:00+0000,52.31,52.42,52.29,52.39,14,2019-10-09T02:00:00+0000
2019-10-09T03:00:00+0000,52.38,52.38,52.29,52.29,37,2019-10-09T03:00:00+0000
2019-10-09T04:00:00+0000,52.3,52.32,52.26,52.26,15,2019-10-09T04:00:00+0000
2019-10-09T05:00:00+0000,52.26,52.32,52.26,52.32,13,2019-10-09T05:00:00+0000
2019-10-09T06:00:00+0000,52.37,52.49,52.31,52.4,41,2019-10-09T06:00:00+0000
2019-10-09T07:00:00+0000,52.39,52.55,52.32,52.37,122,2019-10-09T07:00:00+0000
2019-10-09T08:00:00+0000,52.38,52.53,52.2,52.53,314,2019-10-09T08:00:00+0000
2019-10-09T09:00:00+0000,52.45,53.19,52.45,53.03,686,2019-10-09T09:00:00+0000
2019-10-09T10:00:00+0000,52.97,53.15,52.86,52.99,158,2019-10-09T10:00:00+0000
2019-10-09T11:00:00+0000,52.96,53.07,52.91,53.06,118,2019-10-09T11:00:00+0000
2019-10-09T12:00:00+0000,53.04,53.22,52.87,53.03,329,2019-10-09T12:00:00+0000
2019-10-09T13:00:00+0000,53.02,53.41,53.02,53.09,886,2019-10-09T13:00:00+0000
2019-10-09T14:00:00+0000,53.09,53.15,52.64,52.87,967,2019-10-09T14:00:00+0000
2019-10-09T15:00:00+0000,52.91,53.52,52.7,53.32,1292,2019-10-09T15:00:00+0000
2019-10-09T16:00:00+0000,53.32,53.42,52.97,52.97,508,2019-10-09T16:00:00+0000
2019-10-09T17:00:00+0000,52.99,53.13,52.37,52.47,817,2019-10-09T17:00:00+0000
2019-10-09T18:00:00+0000,52.47,52.73,52.23,52.68,722,2019-10-09T18:00:00+0000
2019-10-09T19:00:00+0000,52.63,52.63,52.32,52.49,451,2019-10-09T19:00:00+0000
2019-10-09T20:00:00+0000,52.46,52.59,52.45,52.48,206,2019-10-09T20:00:00+0000
2019-10-09T22:00:00+0000,52.54,52.57,51.26,51.65,214,2019-10-09T22:00:00+0000
2019-10-09T23:00:00+0000,51.8,52.04,51.78,52.04,23,2019-10-09T23:00:00+0000
2019-10-10T00:00:00+0000,52.08,52.32,52.0,52.09,133,2019-10-10T00:00:00+0000
2019-10-10T01:00:00+0000,52.15,52.45,52.12,52.41,76,2019-10-10T01:00:00+0000
2019-10-10T02:00:00+0000,52.35,52.4,52.3,52.31,21,2019-10-10T02:00:00+0000
2019-10-10T03:00:00+0000,52.3,52.36,52.3,52.36,14,2019-10-10T03:00:00+0000
2019-10-10T04:00:00+0000,52.35,52.38,52.35,52.38,11,2019-10-10T04:00:00+0000
2019-10-10T05:00:00+0000,52.39,52.43,52.38,52.43,9,2019-10-10T05:00:00+0000
2019-10-10T06:00:00+0000,52.44,52.44,52.29,52.38,20,2019-10-10T06:00:00+0000
2019-10-10T07:00:00+0000,52.36,52.42,52.13,52.19,183,2019-10-10T07:00:00+0000
2019-10-10T08:00:00+0000,52.15,52.69,52.11,52.46,504,2019-10-10T08:00:00+0000
2019-10-10T09:00:00+0000,52.47,52.54,52.08,52.27,227,2019-10-10T09:00:00+0000
2019-10-10T10:00:00+0000,52.29,52.51,52.24,52.44,114,2019-10-10T10:00:00+0000
2019-10-10T11:00:00+0000,52.43,52.75,52.42,52.72,168,2019-10-10T11:00:00+0000
2019-10-10T12:00:00+0000,52.73,53.06,52.73,52.95,350,2019-10-10T12:00:00+0000
2019-10-10T13:00:00+0000,52.94,53.31,52.87,53.14,1185,2019-10-10T13:00:00+0000
2019-10-10T14:00:00+0000,53.11,53.23,52.91,53.19,1097,2019-10-10T14:00:00+0000
2019-10-10T15:00:00+0000,53.23,53.23,52.8,53.11,1024,2019-10-10T15:00:00+0000
2019-10-10T16:00:00+0000,53.1,53.36,53.07,53.19,673,2019-10-10T16:00:00+0000
2019-10-10T17:00:00+0000,53.2,53.37,52.96,53.17,750,2019-10-10T17:00:00+0000
2019-10-10T18:00:00+0000,53.17,53.61,53.14,53.52,1772,2019-10-10T18:00:00+0000
2019-10-10T19:00:00+0000,53.55,53.59,53.47,53.53,165,2019-10-10T19:00:00+0000
2019-10-10T20:00:00+0000,53.53,53.81,53.5,53.71,246,2019-10-10T20:00:00+0000
2019-10-10T22:00:00+0000,53.74,53.97,53.73,53.84,91,2019-10-10T22:00:00+0000
2019-10-10T23:00:00+0000,53.85,53.85,53.77,53.77,12,2019-10-10T23:00:00+0000
2019-10-11T00:00:00+0000,53.77,53.77,53.6,53.65,34,2019-10-11T00:00:00+0000
2019-10-11T01:00:00+0000,53.6,53.71,53.6,53.68,30,2019-10-11T01:00:00+0000
2019-10-11T02:00:00+0000,53.68,53.68,53.54,53.54,20,2019-10-11T02:00:00+0000
2019-10-11T03:00:00+0000,53.58,53.69,53.58,53.68,79,2019-10-11T03:00:00+0000
2019-10-11T04:00:00+0000,53.64,53.72,53.64,53.68,23,2019-10-11T04:00:00+0000
2019-10-11T05:00:00+0000,53.65,54.16,53.65,54.1,162,2019-10-11T05:00:00+0000
2019-10-11T06:00:00+0000,54.13,54.54,54.13,54.38,490,2019-10-11T06:00:00+0000
2019-10-11T07:00:00+0000,54.38,54.57,54.24,54.46,554,2019-10-11T07:00:00+0000
2019-10-11T08:00:00+0000,54.44,54.7,54.24,54.36,729,2019-10-11T08:00:00+0000
2019-10-11T09:00:00+0000,54.35,54.42,54.23,54.27,122,2019-10-11T09:00:00+0000
2019-10-11T10:00:00+0000,54.25,54.43,54.16,54.3,298,2019-10-11T10:00:00+0000
2019-10-11T11:00:00+0000,54.31,54.32,54.04,54.2,323,2019-10-11T11:00:00+0000
2019-10-11T12:00:00+0000,54.22,54.3,53.99,54.02,658,2019-10-11T12:00:00+0000
2019-10-11T13:00:00+0000,54.01,54.23,53.6,53.98,1497,2019-10-11T13:00:00+0000
2019-10-11T14:00:00+0000,53.97,54.37,53.83,54.36,1463,2019-10-11T14:00:00+0000
2019-10-11T15:00:00+0000,54.38,54.63,54.14,54.19,1709,2019-10-11T15:00:00+0000
2019-10-11T16:00:00+0000,54.21,54.41,54.07,54.36,720,2019-10-11T16:00:00+0000
2019-10-11T17:00:00+0000,54.32,54.72,54.31,54.4,903,2019-10-11T17:00:00+0000
2019-10-11T18:00:00+0000,54.41,54.88,54.36,54.87,2045,2019-10-11T18:00:00+0000
2019-10-11T19:00:00+0000,54.85,54.87,54.65,54.68,801,2019-10-11T19:00:00+0000
2019-10-11T20:00:00+0000,54.68,54.89,54.64,54.89,171,2019-10-11T20:00:00+0000
2019-10-13T22:00:00+0000,54.88,54.89,54.72,54.76,73,2019-10-13T22:00:00+0000
2019-10-13T23:00:00+0000,54.77,54.86,54.75,54.81,22,2019-10-13T23:00:00+0000
2019-10-14T00:00:00+0000,54.8,54.81,54.57,54.57,43,2019-10-14T00:00:00+0000
2019-10-14T01:00:00+0000,54.54,54.54,54.32,54.46,151,2019-10-14T01:00:00+0000
2019-10-14T02:00:00+0000,54.52,54.53,54.4,54.45,42,2019-10-14T02:00:00+0000
2019-10-14T03:00:00+0000,54.44,54.47,54.43,54.46,19,2019-10-14T03:00:00+0000
2019-10-14T04:00:00+0000,54.45,54.49,54.4,54.41,35,2019-10-14T04:00:00+0000
2019-10-14T05:00:00+0000,54.42,54.43,54.21,54.21,26,2019-10-14T05:00:00+0000
2019-10-14T06:00:00+0000,54.29,54.3,54.0,54.08,96,2019-10-14T06:00:00+0000
2019-10-14T07:00:00+0000,54.11,54.16,53.99,54.01,65,2019-10-14T07:00:00+0000
2019-10-14T08:00:00+0000,54.03,54.38,54.03,54.29,239,2019-10-14T08:00:00+0000
2019-10-14T09:00:00+0000,54.29,54.33,53.52,53.59,431,2019-10-14T09:00:00+0000
2019-10-14T10:00:00+0000,53.56,53.62,53.33,53.6,222,2019-10-14T10:00:00+0000
2019-10-14T11:00:00+0000,53.61,53.73,53.54,53.68,164,2019-10-14T11:00:00+0000
2019-10-14T12:00:00+0000,53.7,53.72,53.45,53.45,265,2019-10-14T12:00:00+0000
2019-10-14T13:00:00+0000,53.46,53.58,53.01,53.23,1057,2019-10-14T13:00:00+0000
2019-10-14T14:00:00+0000,53.23,53.42,52.88,53.05,836,2019-10-14T14:00:00+0000
2019-10-14T15:00:00+0000,53.07,53.54,53.07,53.4,1032,2019-10-14T15:00:00+0000
2019-10-14T16:00:00+0000,53.4,53.54,53.18,53.51,459,2019-10-14T16:00:00+0000
2019-10-14T17:00:00+0000,53.49,53.65,53.42,53.55,803,2019-10-14T17:00:00+0000
2019-10-14T18:00:00+0000,53.55,53.76,53.37,53.44,1413,2019-10-14T18:00:00+0000
2019-10-14T19:00:00+0000,53.4,53.57,53.4,53.56,227,2019-10-14T19:00:00+0000
2019-10-14T20:00:00+0000,53.56,53.59,53.51,53.55,58,2019-10-14T20:00:00+0000
2019-10-14T22:00:00+0000,53.57,53.64,53.55,53.57,31,2019-10-14T22:00:00+0000
2019-10-14T23:00:00+0000,53.56,53.7,53.56,53.63,39,2019-10-14T23:00:00+0000
2019-10-15T00:00:00+0000,53.62,53.63,53.46,53.5,27,2019-10-15T00:00:00+0000
2019-10-15T01:00:00+0000,53.52,53.57,53.36,53.43,45,2019-10-15T01:00:00+0000
2019-10-15T02:00:00+0000,53.41,53.46,53.34,53.4,49,2019-10-15T02:00:00+0000
2019-10-15T03:00:00+0000,53.3,53.31,53.3,53.31,23,2019-10-15T03:00:00+0000
2019-10-15T04:00:00+0000,53.31,53.31,53.29,53.29,13,2019-10-15T04:00:00+0000
2019-10-15T05:00:00+0000,53.3,53.35,53.19,53.34,27,2019-10-15T05:00:00+0000
2019-10-15T06:00:00+0000,53.37,53.41,53.27,53.33,75,2019-10-15T06:00:00+0000
2019-10-15T07:00:00+0000,53.3,53.41,53.24,53.36,151,2019-10-15T07:00:00+0000
2019-10-15T08:00:00+0000,53.36,53.55,52.68,52.82,448,2019-10-15T08:00:00+0000
2019-10-15T09:00:00+0000,52.78,52.8,52.52,52.8,317,2019-10-15T09:00:00+0000
2019-10-15T10:00:00+0000,52.81,53.15,52.69,53.14,238,2019-10-15T10:00:00+0000
2019-10-15T11:00:00+0000,53.09,53.4,53.06,53.28,339,2019-10-15T11:00:00+0000
2019-10-15T12:00:00+0000,53.29,53.68,53.27,53.68,426,2019-10-15T12:00:00+0000
2019-10-15T13:00:00+0000,53.69,53.72,53.16,53.3,719,2019-10-15T13:00:00+0000
2019-10-15T14:00:00+0000,53.3,53.69,53.12,53.58,913,2019-10-15T14:00:00+0000
2019-10-15T15:00:00+0000,53.6,53.86,53.39,53.49,904,2019-10-15T15:00:00+0000
2019-10-15T16:00:00+0000,53.52,53.61,53.44,53.54,769,2019-10-15T16:00:00+0000
2019-10-15T17:00:00+0000,53.54,53.7,53.33,53.36,459,2019-10-15T17:00:00+0000
2019-10-15T18:00:00+0000,53.33,53.33,52.82,52.82,2781,2019-10-15T18:00:00+0000
2019-10-15T19:00:00+0000,52.82,53.09,52.81,53.04,358,2019-10-15T19:00:00+0000
2019-10-15T20:00:00+0000,53.03,53.07,52.94,53.05,135,2019-10-15T20:00:00+0000
2019-10-15T22:00:00+0000,53.04,53.12,53.04,53.11,16,2019-10-15T22:00:00+0000
2019-10-15T23:00:00+0000,53.08,53.09,53.05,53.08,6,2019-10-15T23:00:00+0000
2019-10-16T00:00:00+0000,53.09,53.18,52.95,52.98,42,2019-10-16T00:00:00+0000
2019-10-16T01:00:00+0000,53.01,53.12,53.01,53.12,35,2019-10-16T01:00:00+0000
2019-10-16T02:00:00+0000,53.09,53.1,53.01,53.1,52,2019-10-16T02:00:00+0000
2019-10-16T03:00:00+0000,53.11,53.13,53.08,53.1,14,2019-10-16T03:00:00+0000
2019-10-16T04:00:00+0000,53.07,53.07,53.02,53.07,38,2019-10-16T04:00:00+0000
2019-10-16T05:00:00+0000,53.09,53.12,53.0,53.11,24,2019-10-16T05:00:00+0000
2019-10-16T06:00:00+0000,53.11,53.25,53.09,53.16,87,2019-10-16T06:00:00+0000
2019-10-16T07:00:00+0000,53.18,53.21,52.74,52.85,157,2019-10-16T07:00:00+0000
2019-10-16T08:00:00+0000,52.9,53.09,52.8,52.84,438,2019-10-16T08:00:00+0000
2019-10-16T09:00:00+0000,52.85,53.08,52.64,53.08,187,2019-10-16T09:00:00+0000
2019-10-16T10:00:00+0000,53.1,53.25,52.91,52.98,217,2019-10-16T10:00:00+0000
2019-10-16T11:00:00+0000,52.98,53.17,52.87,53.12,163,2019-10-16T11:00:00+0000
2019-10-16T12:00:00+0000,53.11,53.34,52.96,52.98,596,2019-10-16T12:00:00+0000
2019-10-16T13:00:00+0000,52.98,53.19,52.8,53.15,1452,2019-10-16T13:00:00+0000
2019-10-16T14:00:00+0000,53.16,53.54,53.04,53.47,1013,2019-10-16T14:00:00+0000
2019-10-16T15:00:00+0000,53.46,53.73,53.46,53.54,1223,2019-10-16T15:00:00+0000
2019-10-16T16:00:00+0000,53.53,53.83,53.53,53.63,666,2019-10-16T16:00:00+0000
2019-10-16T17:00:00+0000,53.63,53.65,53.43,53.43,600,2019-10-16T17:00:00+0000
2019-10-16T18:00:00+0000,53.44,53.66,53.38,53.41,1267,2019-10-16T18:00:00+0000
2019-10-16T19:00:00+0000,53.43,53.47,53.35,53.44,194,2019-10-16T19:00:00+0000
2019-10-16T20:00:00+0000,53.43,53.45,53.05,53.08,345,2019-10-16T20:00:00+0000
2019-10-16T22:00:00+0000,53.11,53.12,53.04,53.05,49,2019-10-16T22:00:00+0000
2019-10-16T23:00:00+0000,53.01,53.01,52.93,52.95,70,2019-10-16T23:00:00+0000
2019-10-17T00:00:00+0000,52.94,53.04,52.91,53.04,27,2019-10-17T00:00:00+0000
2019-10-17T01:00:00+0000,53.03,53.17,53.01,53.14,52,2019-10-17T01:00:00+0000
2019-10-17T02:00:00+0000,53.17,53.18,53.05,53.05,68,2019-10-17T02:00:00+0000
2019-10-17T03:00:00+0000,53.05,53.08,53.02,53.08,14,2019-10-17T03:00:00+0000
2019-10-17T04:00:00+0000,53.09,53.09,53.08,53.08,7,2019-10-17T04:00:00+0000
2019-10-17T05:00:00+0000,53.03,53.04,52.96,52.96,48,2019-10-17T05:00:00+0000
2019-10-17T06:00:00+0000,53.01,53.03,52.93,52.99,47,2019-10-17T06:00:00+0000
2019-10-17T07:00:00+0000,52.99,53.17,52.96,53.13,146,2019-10-17T07:00:00+0000
2019-10-17T08:00:00+0000,53.14,53.24,53.05,53.13,94,2019-10-17T08:00:00+0000
2019-10-17T09:00:00+0000,53.11,53.44,52.95,53.36,296,2019-10-17T09:00:00+0000
2019-10-17T10:00:00+0000,53.39,53.43,53.15,53.19,127,2019-10-17T10:00:00+0000
2019-10-17T11:00:00+0000,53.16,53.21,52.95,53.12,224,2019-10-17T11:00:00+0000
2019-10-17T12:00:00+0000,53.11,53.31,53.1,53.21,358,2019-10-17T12:00:00+0000
2019-10-17T13:00:00+0000,53.23,53.31,52.76,53.04,1930,2019-10-17T13:00:00+0000
2019-10-17T14:00:00+0000,53.04,53.38,53.01,53.22,1162,2019-10-17T14:00:00+0000
2019-10-17T15:00:00+0000,53.22,53.55,52.94,53.03,2481,2019-10-17T15:00:00+0000
2019-10-17T16:00:00+0000,53.04,53.26,52.99,53.26,516,2019-10-17T16:00:00+0000
2019-10-17T17:00:00+0000,53.26,53.76,53.26,53.64,1193,2019-10-17T17:00:00+0000
2019-10-17T18:00:00+0000,53.66,54.12,53.55,54.03,1786,2019-10-17T18:00:00+0000
2019-10-17T19:00:00+0000,54.04,54.17,54.04,54.08,376,2019-10-17T19:00:00+0000
2019-10-17T20:00:00+0000,54.07,54.24,54.06,54.15,192,2019-10-17T20:00:00+0000
2019-10-17T22:00:00+0000,54.14,54.15,54.05,54.06,35,2019-10-17T22:00:00+0000
2019-10-17T23:00:00+0000,54.06,54.06,53.99,53.99,8,2019-10-17T23:00:00+0000
2019-10-18T00:00:00+0000,54.01,54.06,53.96,54.0,45,2019-10-18T00:00:00+0000
2019-10-18T01:00:00+0000,53.97,53.97,53.89,53.91,111,2019-10-18T01:00:00+0000
2019-10-18T02:00:00+0000,53.93,53.99,53.85,53.85,58,2019-10-18T02:00:00+0000
2019-10-18T03:00:00+0000,53.87,53.92,53.85,53.87,32,2019-10-18T03:00:00+0000
2019-10-18T04:00:00+0000,53.89,53.91,53.87,53.91,24,2019-10-18T04:00:00+0000
2019-10-18T05:00:00+0000,53.91,53.92,53.82,53.86,55,2019-10-18T05:00:00+0000
2019-10-18T06:00:00+0000,53.86,54.01,53.8,53.98,627,2019-10-18T06:00:00+0000
2019-10-18T07:00:00+0000,53.97,54.1,53.89,54.07,269,2019-10-18T07:00:00+0000
2019-10-18T08:00:00+0000,54.06,54.15,53.97,54.08,198,2019-10-18T08:00:00+0000
2019-10-18T09:00:00+0000,54.09,54.31,54.09,54.28,205,2019-10-18T09:00:00+0000
2019-10-18T10:00:00+0000,54.3,54.48,54.29,54.45,279,2019-10-18T10:00:00+0000
2019-10-18T11:00:00+0000,54.47,54.57,54.45,54.5,322,2019-10-18T11:00:00+0000
2019-10-18T12:00:00+0000,54.54,54.61,54.41,54.51,587,2019-10-18T12:00:00+0000
2019-10-18T13:00:00+0000,54.51,54.51,54.16,54.45,1612,2019-10-18T13:00:00+0000
2019-10-18T14:00:00+0000,54.45,54.49,53.86,54.04,1994,2019-10-18T14:00:00+0000
2019-10-18T15:00:00+0000,54.04,54.15,53.84,53.93,1804,2019-10-18T15:00:00+0000
2019-10-18T16:00:00+0000,53.93,54.04,53.39,53.49,1908,2019-10-18T16:00:00+0000
2019-10-18T17:00:00+0000,53.51,53.66,53.45,53.45,1127,2019-10-18T17:00:00+0000
2019-10-18T18:00:00+0000,53.44,53.89,53.41,53.71,1599,2019-10-18T18:00:00+0000
2019-10-18T19:00:00+0000,53.71,53.84,53.68,53.78,324,2019-10-18T19:00:00+0000
2019-10-18T20:00:00+0000,53.77,53.81,53.71,53.77,166,2019-10-18T20:00:00+0000
2019-10-20T22:00:00+0000,53.69,53.76,53.44,53.67,60,2019-10-20T22:00:00+0000
2019-10-20T23:00:00+0000,53.66,53.68,53.63,53.63,16,2019-10-20T23:00:00+0000
2019-10-21T00:00:00+0000,53.62,53.75,53.62,53.75,21,2019-10-21T00:00:00+0000
2019-10-21T01:00:00+0000,53.74,53.8,53.66,53.74,106,2019-10-21T01:00:00+0000
2019-10-21T02:00:00+0000,53.75,53.8,53.69,53.74,101,2019-10-21T02:00:00+0000
2019-10-21T03:00:00+0000,53.75,53.75,53.72,53.72,39,2019-10-21T03:00:00+0000
2019-10-21T04:00:00+0000,53.73,53.76,53.68,53.76,20,2019-10-21T04:00:00+0000
2019-10-21T05:00:00+0000,53.73,53.76,53.63,53.65,61,2019-10-21T05:00:00+0000
2019-10-21T06:00:00+0000,53.65,53.88,53.65,53.85,222,2019-10-21T06:00:00+0000
2019-10-21T07:00:00+0000,53.84,54.0,53.78,53.9,350,2019-10-21T07:00:00+0000
2019-10-21T08:00:00+0000,53.93,54.11,53.76,53.78,370,2019-10-21T08:00:00+0000
2019-10-21T09:00:00+0000,53.77,53.79,53.29,53.41,689,2019-10-21T09:00:00+0000
2019-10-21T10:00:00+0000,53.39,53.55,53.33,53.5,275,2019-10-21T10:00:00+0000
2019-10-21T11:00:00+0000,53.48,53.69,53.41,53.67,339,2019-10-21T11:00:00+0000
2019-10-21T12:00:00+0000,53.65,53.71,53.51,53.53,599,2019-10-21T12:00:00+0000
2019-10-21T13:00:00+0000,53.52,53.59,52.85,53.2,3927,2019-10-21T13:00:00+0000
2019-10-21T14:00:00+0000,53.19,53.42,53.01,53.4,1822,2019-10-21T14:00:00+0000
2019-10-21T15:00:00+0000,53.41,53.57,53.16,53.21,2265,2019-10-21T15:00:00+0000
2019-10-21T16:00:00+0000,53.21,53.35,53.06,53.35,1179,2019-10-21T16:00:00+0000
2019-10-21T17:00:00+0000,53.36,53.63,53.33,53.57,1199,2019-10-21T17:00:00+0000
2019-10-21T18:00:00+0000,53.58,53.82,53.48,53.56,2367,2019-10-21T18:00:00+0000
2019-10-21T19:00:00+0000,53.53,53.71,53.53,53.7,342,2019-10-21T19:00:00+0000
2019-10-21T20:00:00+0000,53.66,53.68,53.59,53.68,74,2019-10-21T20:00:00+0000
2019-10-21T22:00:00+0000,53.78,54.19,53.53,53.54,87,2019-10-21T22:00:00+0000
2019-10-21T23:00:00+0000,53.6,53.68,53.6,53.61,28,2019-10-21T23:00:00+0000
2019-10-22T00:00:00+0000,53.58,53.69,53.57,53.64,33,2019-10-22T00:00:00+0000
2019-10-22T01:00:00+0000,53.64,53.68,53.59,53.6,45,2019-10-22T01:00:00+0000
2019-10-22T02:00:00+0000,53.59,53.6,53.51,53.55,47,2019-10-22T02:00:00+0000
2019-10-22T03:00:00+0000,53.53,53.53,53.5,53.53,32,2019-10-22T03:00:00+0000
2019-10-22T04:00:00+0000,53.54,53.54,53.39,53.43,59,2019-10-22T04:00:00+0000
2019-10-22T05:00:00+0000,53.42,53.47,53.35,53.46,118,2019-10-22T05:00:00+0000
2019-10-22T06:00:00+0000,53.46,53.5,53.33,53.37,164,2019-10-22T06:00:00+0000
2019-10-22T07:00:00+0000,53.36,53.55,53.3,53.42,321,2019-10-22T07:00:00+0000
2019-10-22T08:00:00+0000,53.44,53.64,53.26,53.63,392,2019-10-22T08:00:00+0000
2019-10-22T09:00:00+0000,53.63,53.8,53.6,53.77,361,2019-10-22T09:00:00+0000
2019-10-22T10:00:00+0000,53.77,53.84,53.72,53.77,300,2019-10-22T10:00:00+0000
2019-10-22T11:00:00+0000,53.78,53.86,53.69,53.74,196,2019-10-22T11:00:00+0000
2019-10-22T12:00:00+0000,53.75,54.08,53.71,54.07,574,2019-10-22T12:00:00+0000
2019-10-22T13:00:00+0000,54.06,54.45,53.96,54.19,2816,2019-10-22T13:00:00+0000
2019-10-22T14:00:00+0000,54.2,54.83,53.91,54.64,3350,2019-10-22T14:00:00+0000
2019-10-22T15:00:00+0000,54.64,54.82,54.34,54.4,3327,2019-10-22T15:00:00+0000
2019-10-22T16:00:00+0000,54.4,54.42,54.21,54.34,1593,2019-10-22T16:00:00+0000
2019-10-22T17:00:00+0000,54.34,54.36,54.11,54.27,889,2019-10-22T17:00:00+0000
2019-10-22T18:00:00+0000,54.25,54.6,54.2,54.27,2312,2019-10-22T18:00:00+0000
2019-10-22T19:00:00+0000,54.27,54.43,54.22,54.41,468,2019-10-22T19:00:00+0000
2019-10-22T20:00:00+0000,54.4,54.45,54.2,54.37,210,2019-10-22T20:00:00+0000
2019-10-22T22:00:00+0000,54.28,54.29,54.22,54.26,28,2019-10-22T22:00:00+0000
2019-10-22T23:00:00+0000,54.26,54.27,54.25,54.27,9,2019-10-22T23:00:00+0000
2019-10-23T00:00:00+0000,54.26,54.26,54.16,54.16,48,2019-10-23T00:00:00+0000
2019-10-23T01:00:00+0000,54.17,54.19,54.09,54.14,94,2019-10-23T01:00:00+0000
2019-10-23T02:00:00+0000,54.15,54.18,54.09,54.12,90,2019-10-23T02:00:00+0000
2019-10-23T03:00:00+0000,54.11,54.13,54.03,54.1,94,2019-10-23T03:00:00+0000
2019-10-23T04:00:00+0000,54.06,54.15,54.06,54.12,51,2019-10-23T04:00:00+0000
2019-10-23T05:00:00+0000,54.11,54.15,54.06,54.15,51,2019-10-23T05:00:00+0000
2019-10-23T06:00:00+0000,54.16,54.22,54.15,54.2,128,2019-10-23T06:00:00+0000
2019-10-23T07:00:00+0000,54.21,54.33,54.13,54.3,342,2019-10-23T07:00:00+0000
2019-10-23T08:00:00+0000,54.32,54.39,53.9,53.97,606,2019-10-23T08:00:00+0000
2019-10-23T09:00:00+0000,53.95,54.02,53.83,53.99,803,2019-10-23T09:00:00+0000
2019-10-23T10:00:00+0000,53.98,54.06,53.86,53.96,404,2019-10-23T10:00:00+0000
2019-10-23T11:00:00+0000,53.95,54.06,53.92,53.96,248,2019-10-23T11:00:00+0000
2019-10-23T12:00:00+0000,53.95,54.05,53.77,53.8,811,2019-10-23T12:00:00+0000
2019-10-23T13:00:00+0000,53.8,54.47,53.69,54.36,2886,2019-10-23T13:00:00+0000
2019-10-23T14:00:00+0000,54.36,55.26,54.36,55.04,5152,2019-10-23T14:00:00+0000
2019-10-23T15:00:00+0000,55.04,55.36,54.95,55.23,2757,2019-10-23T15:00:00+0000
2019-10-23T16:00:00+0000,55.23,55.51,55.17,55.47,2456,2019-10-23T16:00:00+0000
2019-10-23T17:00:00+0000,55.47,55.86,55.44,55.86,3674,2019-10-23T17:00:00+0000
2019-10-23T18:00:00+0000,55.86,56.1,55.73,55.83,5386,2019-10-23T18:00:00+0000
2019-10-23T19:00:00+0000,55.83,55.9,55.81,55.83,435,2019-10-23T19:00:00+0000
2019-10-23T20:00:00+0000,55.84,55.96,55.84,55.93,251,2019-10-23T20:00:00+0000
2019-10-23T22:00:00+0000,55.9,55.91,55.74,55.75,114,2019-10-23T22:00:00+0000
2019-10-23T23:00:00+0000,55.77,55.8,55.74,55.78,69,2019-10-23T23:00:00+0000
2019-10-24T00:00:00+0000,55.79,55.81,55.61,55.62,643,2019-10-24T00:00:00+0000
2019-10-24T01:00:00+0000,55.6,55.61,55.5,55.6,332,2019-10-24T01:00:00+0000
2019-10-24T02:00:00+0000,55.6,55.63,55.51,55.52,173,2019-10-24T02:00:00+0000
2019-10-24T03:00:00+0000,55.51,55.6,55.51,55.57,55,2019-10-24T03:00:00+0000
2019-10-24T04:00:00+0000,55.56,55.61,55.56,55.57,49,2019-10-24T04:00:00+0000
2019-10-24T05:00:00+0000,55.55,55.68,55.55,55.64,252,2019-10-24T05:00:00+0000
2019-10-24T06:00:00+0000,55.65,55.72,55.64,55.7,148,2019-10-24T06:00:00+0000
2019-10-24T07:00:00+0000,55.7,55.84,55.63,55.69,595,2019-10-24T07:00:00+0000
2019-10-24T08:00:00+0000,55.69,55.74,55.46,55.51,588,2019-10-24T08:00:00+0000
2019-10-24T09:00:00+0000,55.51,55.77,55.51,55.66,346,2019-10-24T09:00:00+0000
2019-10-24T10:00:00+0000,55.64,55.77,55.62,55.66,242,2019-10-24T10:00:00+0000
2019-10-24T11:00:00+0000,55.63,55.96,55.63,55.95,799,2019-10-24T11:00:00+0000
2019-10-24T12:00:00+0000,55.94,56.2,55.75,56.17,1522,2019-10-24T12:00:00+0000
2019-10-24T13:00:00+0000,56.18,56.39,55.99,56.14,4046,2019-10-24T13:00:00+0000
2019-10-24T14:00:00+0000,56.15,56.46,56.12,56.15,2635,2019-10-24T14:00:00+0000
2019-10-24T15:00:00+0000,56.14,56.4,56.02,56.34,2525,2019-10-24T15:00:00+0000
2019-10-24T16:00:00+0000,56.34,56.49,56.21,56.47,2070,2019-10-24T16:00:00+0000
2019-10-24T17:00:00+0000,56.47,56.55,56.32,56.5,1918,2019-10-24T17:00:00+0000
2019-10-24T18:00:00+0000,56.5,56.53,56.02,56.28,3608,2019-10-24T18:00:00+0000
2019-10-24T19:00:00+0000,56.26,56.29,56.14,56.27,377,2019-10-24T19:00:00+0000
2019-10-24T20:00:00+0000,56.28,56.28,56.1,56.13,287,2019-10-24T20:00:00+0000
2019-10-24T22:00:00+0000,56.13,56.21,56.1,56.15,92,2019-10-24T22:00:00+0000
2019-10-24T23:00:00+0000,56.17,56.17,56.15,56.15,16,2019-10-24T23:00:00+0000
2019-10-25T00:00:00+0000,56.15,56.18,56.07,56.08,94,2019-10-25T00:00:00+0000
2019-10-25T01:00:00+0000,56.06,56.07,55.95,55.95,148,2019-10-25T01:00:00+0000
2019-10-25T02:00:00+0000,55.96,55.97,55.89,55.96,97,2019-10-25T02:00:00+0000
2019-10-25T03:00:00+0000,55.96,56.0,55.92,56.0,42,2019-10-25T03:00:00+0000
2019-10-25T04:00:00+0000,56.0,56.0,55.94,55.94,30,2019-10-25T04:00:00+0000
2019-10-25T05:00:00+0000,55.94,55.96,55.91,55.96,70,2019-10-25T05:00:00+0000
2019-10-25T06:00:00+0000,55.97,56.09,55.97,56.07,172,2019-10-25T06:00:00+0000
2019-10-25T07:00:00+0000,56.08,56.19,56.02,56.13,567,2019-10-25T07:00:00+0000
2019-10-25T08:00:00+0000,56.12,56.21,55.88,56.04,353,2019-10-25T08:00:00+0000
2019-10-25T09:00:00+0000,56.07,56.28,56.07,56.17,367,2019-10-25T09:00:00+0000
2019-10-25T10:00:00+0000,56.18,56.27,56.12,56.26,181,2019-10-25T10:00:00+0000
2019-10-25T11:00:00+0000,56.25,56.28,56.12,56.12,425,2019-10-25T11:00:00+0000
2019-10-25T12:00:00+0000,56.14,56.25,55.78,55.82,1378,2019-10-25T12:00:00+0000
2019-10-25T13:00:00+0000,55.81,56.27,55.81,56.05,2791,2019-10-25T13:00:00+0000
2019-10-25T14:00:00+0000,56.06,56.16,55.65,56.12,2208,2019-10-25T14:00:00+0000
2019-10-25T15:00:00+0000,56.14,56.59,56.14,56.4,3612,2019-10-25T15:00:00+0000
2019-10-25T16:00:00+0000,56.39,56.47,56.21,56.26,1315,2019-10-25T16:00:00+0000
2019-10-25T17:00:00+0000,56.26,56.52,56.26,56.35,1353,2019-10-25T17:00:00+0000
2019-10-25T18:00:00+0000,56.35,56.77,56.24,56.66,3236,2019-10-25T18:00:00+0000
2019-10-25T19:00:00+0000,56.65,56.79,56.63,56.77,509,2019-10-25T19:00:00+0000
2019-10-25T20:00:00+0000,56.75,56.75,56.61,56.7,184,2019-10-25T20:00:00+0000
2019-10-27T22:00:00+0000,56.7,56.89,56.59,56.8,218,2019-10-27T22:00:00+0000
2019-10-27T23:00:00+0000,56.8,56.82,56.74,56.75,40,2019-10-27T23:00:00+0000
2019-10-28T00:00:00+0000,56.75,56.81,56.65,56.65,159,2019-10-28T00:00:00+0000
2019-10-28T01:00:00+0000,56.64,56.66,56.6,56.63,163,2019-10-28T01:00:00+0000
2019-10-28T02:00:00+0000,56.65,56.65,56.6,56.6,27,2019-10-28T02:00:00+0000
2019-10-28T03:00:00+0000,56.61,56.61,56.55,56.58,89,2019-10-28T03:00:00+0000
2019-10-28T04:00:00+0000,56.58,56.58,56.53,56.53,24,2019-10-28T04:00:00+0000
2019-10-28T05:00:00+0000,56.57,56.62,56.48,56.6,114,2019-10-28T05:00:00+0000
2019-10-28T06:00:00+0000,56.58,56.62,56.53,56.58,75,2019-10-28T06:00:00+0000
2019-10-28T07:00:00+0000,56.57,56.64,56.41,56.49,172,2019-10-28T07:00:00+0000
2019-10-28T08:00:00+0000,56.5,56.57,56.38,56.46,200,2019-10-28T08:00:00+0000
2019-10-28T09:00:00+0000,56.4,56.5,56.31,56.43,229,2019-10-28T09:00:00+0000
2019-10-28T10:00:00+0000,56.46,56.53,56.4,56.48,328,2019-10-28T10:00:00+0000
2019-10-28T11:00:00+0000,56.47,56.57,56.35,56.52,426,2019-10-28T11:00:00+0000
2019-10-28T12:00:00+0000,56.52,56.77,56.43,56.75,650,2019-10-28T12:00:00+0000
2019-10-28T13:00:00+0000,56.74,56.99,56.66,56.8,2727,2019-10-28T13:00:00+0000
2019-10-28T14:00:00+0000,56.8,56.83,56.16,56.22,3367,2019-10-28T14:00:00+0000
2019-10-28T15:00:00+0000,56.22,56.26,55.99,56.18,2706,2019-10-28T15:00:00+0000
2019-10-28T16:00:00+0000,56.18,56.22,55.68,55.99,3698,2019-10-28T16:00:00+0000
2019-10-28T17:00:00+0000,56.01,56.06,55.86,55.96,1406,2019-10-28T17:00:00+0000
2019-10-28T18:00:00+0000,55.96,56.03,55.71,55.97,3462,2019-10-28T18:00:00+0000
2019-10-28T19:00:00+0000,55.99,55.99,55.82,55.9,413,2019-10-28T19:00:00+0000
2019-10-28T20:00:00+0000,55.9,55.94,55.83,55.84,136,2019-10-28T20:00:00+0000
2019-10-28T22:00:00+0000,55.88,55.96,55.87,55.92,62,2019-10-28T22:00:00+0000
2019-10-28T23:00:00+0000,55.92,55.96,55.89,55.92,42,2019-10-28T23:00:00+0000
2019-10-29T00:00:00+0000,55.93,55.96,55.87,55.9,34,2019-10-29T00:00:00+0000
2019-10-29T01:00:00+0000,55.93,55.93,55.78,55.8,97,2019-10-29T01:00:00+0000
2019-10-29T02:00:00+0000,55.78,55.84,55.76,55.81,103,2019-10-29T02:00:00+0000
2019-10-29T03:00:00+0000,55.8,55.8,55.73,55.73,62,2019-10-29T03:00:00+0000
2019-10-29T04:00:00+0000,55.72,55.74,55.61,55.65,79,2019-10-29T04:00:00+0000
2019-10-29T05:00:00+0000,55.67,55.72,55.66,55.69,71,2019-10-29T05:00:00+0000
2019-10-29T06:00:00+0000,55.69,55.69,55.55,55.65,355,2019-10-29T06:00:00+0000
2019-10-29T07:00:00+0000,55.65,55.66,55.47,55.48,575,2019-10-29T07:00:00+0000
2019-10-29T08:00:00+0000,55.48,55.51,55.26,55.47,1001,2019-10-29T08:00:00+0000
2019-10-29T09:00:00+0000,55.43,55.56,55.19,55.33,476,2019-10-29T09:00:00+0000
2019-10-29T10:00:00+0000,55.32,55.38,55.13,55.25,808,2019-10-29T10:00:00+0000
2019-10-29T11:00:00+0000,55.23,55.31,55.06,55.27,1097,2019-10-29T11:00:00+0000
2019-10-29T12:00:00+0000,55.26,55.31,54.89,54.9,2134,2019-10-29T12:00:00+0000
2019-10-29T13:00:00+0000,54.9,55.11,54.74,55.01,4235,2019-10-29T13:00:00+0000
2019-10-29T14:00:00+0000,55.02,55.43,54.86,55.41,3294,2019-10-29T14:00:00+0000
2019-10-29T15:00:00+0000,55.42,55.91,55.37,55.76,3755,2019-10-29T15:00:00+0000
2019-10-29T16:00:00+0000,55.76,56.04,55.59,55.98,2939,2019-10-29T16:00:00+0000
2019-10-29T17:00:00+0000,55.99,56.04,55.8,55.94,2050,2019-10-29T17:00:00+0000
2019-10-29T18:00:00+0000,55.94,55.99,55.58,55.62,2898,2019-10-29T18:00:00+0000
2019-10-29T19:00:00+0000,55.62,55.7,55.53,55.56,544,2019-10-29T19:00:00+0000
2019-10-29T20:00:00+0000,55.57,55.7,55.56,55.66,536,2019-10-29T20:00:00+0000
2019-10-29T22:00:00+0000,55.62,55.69,55.61,55.66,66,2019-10-29T22:00:00+0000
2019-10-29T23:00:00+0000,55.66,55.69,55.62,55.62,37,2019-10-29T23:00:00+0000
2019-10-30T00:00:00+0000,55.63,55.71,55.49,55.53,123,2019-10-30T00:00:00+0000
2019-10-30T01:00:00+0000,55.54,55.55,55.44,55.48,168,2019-10-30T01:00:00+0000
2019-10-30T02:00:00+0000,55.45,55.45,55.37,55.39,193,2019-10-30T02:00:00+0000
2019-10-30T03:00:00+0000,55.4,55.43,55.36,55.43,48,2019-10-30T03:00:00+0000
2019-10-30T04:00:00+0000,55.41,55.42,55.38,55.41,44,2019-10-30T04:00:00+0000
2019-10-30T05:00:00+0000,55.4,55.45,55.38,55.41,75,2019-10-30T05:00:00+0000
2019-10-30T06:00:00+0000,55.4,55.41,55.32,55.39,103,2019-10-30T06:00:00+0000
2019-10-30T07:00:00+0000,55.42,55.56,55.42,55.55,234,2019-10-30T07:00:00+0000
2019-10-30T08:00:00+0000,55.56,55.65,55.43,55.62,435,2019-10-30T08:00:00+0000
2019-10-30T09:00:00+0000,55.6,55.7,55.55,55.58,181,2019-10-30T09:00:00+0000
2019-10-30T10:00:00+0000,55.62,55.71,55.6,55.66,106,2019-10-30T10:00:00+0000
2019-10-30T11:00:00+0000,55.66,55.88,55.46,55.75,1243,2019-10-30T11:00:00+0000
2019-10-30T12:00:00+0000,55.76,55.79,55.28,55.47,1240,2019-10-30T12:00:00+0000
2019-10-30T13:00:00+0000,55.48,55.69,55.35,55.37,1719,2019-10-30T13:00:00+0000
2019-10-30T14:00:00+0000,55.37,55.52,54.9,55.18,4597,2019-10-30T14:00:00+0000
2019-10-30T15:00:00+0000,55.16,55.16,54.66,54.81,3813,2019-10-30T15:00:00+0000
2019-10-30T16:00:00+0000,54.81,54.96,54.58,54.95,2109,2019-10-30T16:00:00+0000
2019-10-30T17:00:00+0000,54.96,55.08,54.61,54.81,3261,2019-10-30T17:00:00+0000
2019-10-30T18:00:00+0000,54.82,55.21,54.71,54.95,4871,2019-10-30T18:00:00+0000
2019-10-30T19:00:00+0000,54.93,54.99,54.79,54.97,1016,2019-10-30T19:00:00+0000
2019-10-30T20:00:00+0000,54.98,55.03,54.9,54.97,208,2019-10-30T20:00:00+0000
2019-10-30T22:00:00+0000,54.99,55.02,54.99,55.02,26,2019-10-30T22:00:00+0000
2019-10-30T23:00:00+0000,55.02,55.02,54.95,54.95,47,2019-10-30T23:00:00+0000
2019-10-31T00:00:00+0000,54.96,55.07,54.96,55.06,113,2019-10-31T00:00:00+0000
2019-10-31T01:00:00+0000,55.09,55.35,55.02,55.27,894,2019-10-31T01:00:00+0000
2019-10-31T02:00:00+0000,55.26,55.3,55.23,55.28,539,2019-10-31T02:00:00+0000
2019-10-31T03:00:00+0000,55.28,55.33,55.25,55.25,424,2019-10-31T03:00:00+0000
2019-10-31T04:00:00+0000,55.26,55.29,55.22,55.27,96,2019-10-31T04:00:00+0000
2019-10-31T05:00:00+0000,55.26,55.3,55.23,55.23,85,2019-10-31T05:00:00+0000
2019-10-31T06:00:00+0000,55.23,55.31,55.2,55.3,280,2019-10-31T06:00:00+0000
2019-10-31T07:00:00+0000,55.29,55.47,55.26,55.42,655,2019-10-31T07:00:00+0000
2019-10-31T08:00:00+0000,55.42,55.58,55.39,55.58,755,2019-10-31T08:00:00+0000
2019-10-31T09:00:00+0000,55.59,55.64,55.0,55.01,1459,2019-10-31T09:00:00+0000
2019-10-31T10:00:00+0000,55.02,55.07,54.85,55.03,923,2019-10-31T10:00:00+0000
2019-10-31T11:00:00+0000,55.03,55.06,54.34,54.36,2912,2019-10-31T11:00:00+0000
2019-10-31T12:00:00+0000,54.36,54.63,54.33,54.56,2368,2019-10-31T12:00:00+0000
2019-10-31T13:00:00+0000,54.57,54.7,54.29,54.5,3376,2019-10-31T13:00:00+0000
2019-10-31T14:00:00+0000,54.5,54.51,53.84,53.91,6061,2019-10-31T14:00:00+0000
2019-10-31T15:00:00+0000,53.9,54.31,53.85,54.26,3133,2019-10-31T15:00:00+0000
2019-10-31T16:00:00+0000,54.28,54.33,54.05,54.12,2570,2019-10-31T16:00:00+0000
2019-10-31T17:00:00+0000,54.11,54.34,54.1,54.28,1787,2019-10-31T17:00:00+0000
2019-10-31T18:00:00+0000,54.29,54.38,53.98,54.14,4881,2019-10-31T18:00:00+0000
2019-10-31T19:00:00+0000,54.12,54.17,53.97,54.15,555,2019-10-31T19:00:00+0000
2019-10-31T20:00:00+0000,54.17,54.26,54.13,54.19,367,2019-10-31T20:00:00+0000
2019-10-31T22:00:00+0000,54.19,54.24,54.14,54.2,77,2019-10-31T22:00:00+0000
2019-10-31T23:00:00+0000,54.19,54.2,54.14,54.16,80,2019-10-31T23:00:00+0000
2019-11-01T00:00:00+0000,54.17,54.37,54.15,54.37,155,2019-11-01T00:00:00+0000
2019-11-01T01:00:00+0000,54.38,54.47,54.36,54.39,360,2019-11-01T01:00:00+0000
2019-11-01T02:00:00+0000,54.39,54.46,54.37,54.43,126,2019-11-01T02:00:00+0000
2019-11-01T03:00:00+0000,54.44,54.44,54.4,54.43,46,2019-11-01T03:00:00+0000
2019-11-01T04:00:00+0000,54.43,54.53,54.43,54.48,105,2019-11-01T04:00:00+0000
2019-11-01T05:00:00+0000,54.48,54.53,54.4,54.4,138,2019-11-01T05:00:00+0000
2019-11-01T06:00:00+0000,54.41,54.44,54.32,54.38,277,2019-11-01T06:00:00+0000
2019-11-01T07:00:00+0000,54.4,54.4,54.23,54.24,661,2019-11-01T07:00:00+0000
2019-11-01T08:00:00+0000,54.24,54.47,54.21,54.46,713,2019-11-01T08:00:00+0000
2019-11-01T09:00:00+0000,54.46,54.59,54.33,54.41,813,2019-11-01T09:00:00+0000
2019-11-01T10:00:00+0000,54.4,54.56,54.32,54.49,708,2019-11-01T10:00:00+0000
2019-11-01T11:00:00+0000,54.49,54.62,54.4,54.62,702,2019-11-01T11:00:00+0000
2019-11-01T12:00:00+0000,54.62,55.01,54.62,54.99,2273,2019-11-01T12:00:00+0000
2019-11-01T13:00:00+0000,54.99,55.2,54.76,55.1,4665,2019-11-01T13:00:00+0000
2019-11-01T14:00:00+0000,55.09,55.51,55.01,55.44,3731,2019-11-01T14:00:00+0000
2019-11-01T15:00:00+0000,55.45,55.46,55.18,55.31,2195,2019-11-01T15:00:00+0000
2019-11-01T16:00:00+0000,55.33,55.42,55.12,55.3,2475,2019-11-01T16:00:00+0000
2019-11-01T17:00:00+0000,55.32,55.96,55.29,55.74,4165,2019-11-01T17:00:00+0000
2019-11-01T18:00:00+0000,55.74,56.39,55.67,56.31,6252,2019-11-01T18:00:00+0000
2019-11-01T19:00:00+0000,56.32,56.35,56.1,56.14,1130,2019-11-01T19:00:00+0000
2019-11-01T20:00:00+0000,56.12,56.27,56.06,56.27,732,2019-11-01T20:00:00+0000
2019-11-03T23:00:00+0000,56.47,56.48,56.28,56.28,431,2019-11-03T23:00:00+0000
2019-11-04T00:00:00+0000,56.26,56.27,56.09,56.09,337,2019-11-04T00:00:00+0000
2019-11-04T01:00:00+0000,56.08,56.08,55.94,56.04,751,2019-11-04T01:00:00+0000
2019-11-04T02:00:00+0000,56.04,56.09,55.99,56.03,407,2019-11-04T02:00:00+0000
2019-11-04T03:00:00+0000,56.03,56.04,55.96,55.96,322,2019-11-04T03:00:00+0000
2019-11-04T04:00:00+0000,55.97,56.0,55.92,55.96,142,2019-11-04T04:00:00+0000
2019-11-04T05:00:00+0000,55.96,56.06,55.95,56.03,358,2019-11-04T05:00:00+0000
2019-11-04T06:00:00+0000,56.02,56.03,55.92,56.02,612,2019-11-04T06:00:00+0000
2019-11-04T07:00:00+0000,56.02,56.2,55.97,56.15,350,2019-11-04T07:00:00+0000
2019-11-04T08:00:00+0000,56.16,56.3,56.07,56.28,798,2019-11-04T08:00:00+0000
2019-11-04T09:00:00+0000,56.28,56.48,56.2,56.47,752,2019-11-04T09:00:00+0000
2019-11-04T10:00:00+0000,56.47,56.8,56.42,56.75,1355,2019-11-04T10:00:00+0000
2019-11-04T11:00:00+0000,56.76,57.08,56.75,57.01,2324,2019-11-04T11:00:00+0000
2019-11-04T12:00:00+0000,57.01,57.12,56.86,56.87,1588,2019-11-04T12:00:00+0000
2019-11-04T13:00:00+0000,56.88,56.94,56.73,56.88,1776,2019-11-04T13:00:00+0000
2019-11-04T14:00:00+0000,56.87,57.26,56.66,57.09,5175,2019-11-04T14:00:00+0000
2019-11-04T15:00:00+0000,57.09,57.26,56.89,57.15,3842,2019-11-04T15:00:00+0000
2019-11-04T16:00:00+0000,57.16,57.45,57.11,57.26,4896,2019-11-04T16:00:00+0000
2019-11-04T17:00:00+0000,57.26,57.29,56.96,57.09,1965,2019-11-04T17:00:00+0000
2019-11-04T18:00:00+0000,57.07,57.33,56.96,57.04,2624,2019-11-04T18:00:00+0000
2019-11-04T19:00:00+0000,57.03,57.04,56.47,56.62,5633,2019-11-04T19:00:00+0000
2019-11-04T20:00:00+0000,56.62,56.66,56.51,56.64,715,2019-11-04T20:00:00+0000
2019-11-04T21:00:00+0000,56.62,56.64,56.58,56.59,126,2019-11-04T21:00:00+0000
2019-11-04T23:00:00+0000,56.6,56.64,56.5,56.63,214,2019-11-04T23:00:00+0000
2019-11-05T00:00:00+0000,56.63,56.64,56.36,56.38,411,2019-11-05T00:00:00+0000
2019-11-05T01:00:00+0000,56.38,56.48,56.37,56.48,1010,2019-11-05T01:00:00+0000
2019-11-05T02:00:00+0000,56.47,56.57,56.44,56.56,384,2019-11-05T02:00:00+0000
2019-11-05T03:00:00+0000,56.55,56.63,56.53,56.59,191,2019-11-05T03:00:00+0000
2019-11-05T04:00:00+0000,56.59,56.59,56.52,56.56,61,2019-11-05T04:00:00+0000
2019-11-05T05:00:00+0000,56.56,56.68,56.55,56.66,119,2019-11-05T05:00:00+0000
2019-11-05T06:00:00+0000,56.66,56.73,56.66,56.69,297,2019-11-05T06:00:00+0000
2019-11-05T07:00:00+0000,56.68,56.7,56.43,56.61,786,2019-11-05T07:00:00+0000
2019-11-05T08:00:00+0000,56.61,56.84,56.61,56.7,1474,2019-11-05T08:00:00+0000
2019-11-05T09:00:00+0000,56.7,56.96,56.53,56.91,1252,2019-11-05T09:00:00+0000
2019-11-05T10:00:00+0000,56.89,57.14,56.89,57.12,813,2019-11-05T10:00:00+0000
2019-11-05T11:00:00+0000,57.14,57.14,56.92,56.98,710,2019-11-05T11:00:00+0000
2019-11-05T12:00:00+0000,56.98,57.18,56.9,57.14,823,2019-11-05T12:00:00+0000
2019-11-05T13:00:00+0000,57.13,57.18,56.95,57.0,992,2019-11-05T13:00:00+0000
2019-11-05T14:00:00+0000,57.01,57.3,56.96,57.24,3168,2019-11-05T14:00:00+0000
2019-11-05T15:00:00+0000,57.25,57.47,57.11,57.39,4356,2019-11-05T15:00:00+0000
2019-11-05T16:00:00+0000,57.4,57.55,57.08,57.23,3926,2019-11-05T16:00:00+0000
2019-11-05T17:00:00+0000,57.23,57.37,57.18,57.21,1952,2019-11-05T17:00:00+0000
2019-11-05T18:00:00+0000,57.2,57.27,57.11,57.25,1467,2019-11-05T18:00:00+0000
2019-11-05T19:00:00+0000,57.25,57.41,57.23,57.32,2712,2019-11-05T19:00:00+0000
2019-11-05T20:00:00+0000,57.31,57.32,57.18,57.22,426,2019-11-05T20:00:00+0000
2019-11-05T21:00:00+0000,57.23,57.34,57.13,57.31,483,2019-11-05T21:00:00+0000
2019-11-05T23:00:00+0000,57.3,57.3,57.13,57.13,154,2019-11-05T23:00:00+0000
2019-11-06T00:00:00+0000,57.13,57.14,57.06,57.07,363,2019-11-06T00:00:00+0000
2019-11-06T01:00:00+0000,57.07,57.14,56.97,57.03,428,2019-11-06T01:00:00+0000
2019-11-06T02:00:00+0000,57.04,57.06,56.97,57.0,140,2019-11-06T02:00:00+0000
2019-11-06T03:00:00+0000,57.01,57.01,56.91,56.92,158,2019-11-06T03:00:00+0000
2019-11-06T04:00:00+0000,56.93,57.01,56.93,57.0,85,2019-11-06T04:00:00+0000
2019-11-06T05:00:00+0000,57.01,57.11,57.0,57.1,183,2019-11-06T05:00:00+0000
2019-11-06T06:00:00+0000,57.09,57.09,56.93,56.94,147,2019-11-06T06:00:00+0000
2019-11-06T07:00:00+0000,56.95,57.03,56.95,56.97,236,2019-11-06T07:00:00+0000
2019-11-06T08:00:00+0000,56.97,57.02,56.84,56.92,1245,2019-11-06T08:00:00+0000
2019-11-06T09:00:00+0000,56.93,56.98,56.8,56.86,863,2019-11-06T09:00:00+0000
2019-11-06T10:00:00+0000,56.85,57.13,56.85,57.09,1744,2019-11-06T10:00:00+0000
2019-11-06T11:00:00+0000,57.09,57.36,57.09,57.19,956,2019-11-06T11:00:00+0000
2019-11-06T12:00:00+0000,57.2,57.22,56.98,57.07,869,2019-11-06T12:00:00+0000
2019-11-06T13:00:00+0000,57.06,57.14,56.89,56.99,1698,2019-11-06T13:00:00+0000
2019-11-06T14:00:00+0000,56.99,57.47,56.96,57.44,3268,2019-11-06T14:00:00+0000
2019-11-06T15:00:00+0000,57.47,57.87,57.12,57.15,7810,2019-11-06T15:00:00+0000
2019-11-06T16:00:00+0000,57.16,57.3,56.25,56.37,6306,2019-11-06T16:00:00+0000
2019-11-06T17:00:00+0000,56.37,56.51,56.16,56.33,2058,2019-11-06T17:00:00+0000
2019-11-06T18:00:00+0000,56.32,56.51,56.31,56.45,1840,2019-11-06T18:00:00+0000
2019-11-06T19:00:00+0000,56.46,56.61,56.33,56.53,3324,2019-11-06T19:00:00+0000
2019-11-06T20:00:00+0000,56.53,56.58,56.49,56.52,635,2019-11-06T20:00:00+0000
2019-11-06T21:00:00+0000,56.52,56.55,56.4,56.4,450,2019-11-06T21:00:00+0000
2019-11-06T23:00:00+0000,56.37,56.43,56.35,56.36,115,2019-11-06T23:00:00+0000
2019-11-07T00:00:00+0000,56.35,56.43,56.35,56.4,123,2019-11-07T00:00:00+0000
2019-11-07T01:00:00+0000,56.39,56.43,56.34,56.34,251,2019-11-07T01:00:00+0000
2019-11-07T02:00:00+0000,56.33,56.4,56.31,56.37,225,2019-11-07T02:00:00+0000
2019-11-07T03:00:00+0000,56.36,56.37,56.31,56.35,222,2019-11-07T03:00:00+0000
2019-11-07T04:00:00+0000,56.35,56.36,56.32,56.33,77,2019-11-07T04:00:00+0000
2019-11-07T05:00:00+0000,56.33,56.39,56.31,56.39,147,2019-11-07T05:00:00+0000
2019-11-07T06:00:00+0000,56.38,56.42,56.34,56.38,150,2019-11-07T06:00:00+0000
2019-11-07T07:00:00+0000,56.39,56.89,56.39,56.77,1484,2019-11-07T07:00:00+0000
2019-11-07T08:00:00+0000,56.76,56.92,56.69,56.8,1290,2019-11-07T08:00:00+0000
2019-11-07T09:00:00+0000,56.81,57.17,56.81,57.15,1504,2019-11-07T09:00:00+0000
2019-11-07T10:00:00+0000,57.16,57.19,56.94,57.11,905,2019-11-07T10:00:00+0000
2019-11-07T11:00:00+0000,57.1,57.25,57.01,57.04,1338,2019-11-07T11:00:00+0000
2019-11-07T12:00:00+0000,57.01,57.21,56.98,57.2,1304,2019-11-07T12:00:00+0000
2019-11-07T13:00:00+0000,57.2,57.38,57.11,57.27,2405,2019-11-07T13:00:00+0000
2019-11-07T14:00:00+0000,57.28,57.51,57.21,57.4,6948,2019-11-07T14:00:00+0000
2019-11-07T15:00:00+0000,57.39,57.53,56.86,57.24,6881,2019-11-07T15:00:00+0000
2019-11-07T16:00:00+0000,57.25,57.78,57.19,57.68,6175,2019-11-07T16:00:00+0000
2019-11-07T17:00:00+0000,57.69,57.85,57.47,57.73,4350,2019-11-07T17:00:00+0000
2019-11-07T18:00:00+0000,57.75,57.77,57.42,57.58,2530,2019-11-07T18:00:00+0000
2019-11-07T19:00:00+0000,57.6,57.63,56.96,57.04,6003,2019-11-07T19:00:00+0000
2019-11-07T20:00:00+0000,57.06,57.07,56.83,56.93,1188,2019-11-07T20:00:00+0000
2019-11-07T21:00:00+0000,56.93,57.11,56.88,57.1,427,2019-11-07T21:00:00+0000
2019-11-07T23:00:00+0000,57.11,57.14,56.97,56.97,180,2019-11-07T23:00:00+0000
2019-11-08T00:00:00+0000,56.96,57.12,56.96,57.0,183,2019-11-08T00:00:00+0000
2019-11-08T01:00:00+0000,57.0,57.01,56.85,56.97,561,2019-11-08T01:00:00+0000
2019-11-08T02:00:00+0000,56.98,57.02,56.86,56.93,816,2019-11-08T02:00:00+0000
2019-11-08T03:00:00+0000,56.93,56.97,56.89,56.96,153,2019-11-08T03:00:00+0000
2019-11-08T04:00:00+0000,56.96,56.96,56.89,56.9,65,2019-11-08T04:00:00+0000
2019-11-08T05:00:00+0000,56.9,56.95,56.86,56.95,209,2019-11-08T05:00:00+0000
2019-11-08T06:00:00+0000,56.96,56.97,56.55,56.64,930,2019-11-08T06:00:00+0000
2019-11-08T07:00:00+0000,56.63,56.73,56.6,56.64,556,2019-11-08T07:00:00+0000
2019-11-08T08:00:00+0000,56.63,56.63,56.45,56.5,1338,2019-11-08T08:00:00+0000
2019-11-08T09:00:00+0000,56.5,56.75,56.26,56.33,1366,2019-11-08T09:00:00+0000
2019-11-08T10:00:00+0000,56.32,56.41,56.1,56.31,1730,2019-11-08T10:00:00+0000
2019-11-08T11:00:00+0000,56.3,56.3,56.08,56.3,1934,2019-11-08T11:00:00+0000
2019-11-08T12:00:00+0000,56.3,56.42,56.2,56.36,2159,2019-11-08T12:00:00+0000
2019-11-08T13:00:00+0000,56.36,56.56,56.1,56.13,3671,2019-11-08T13:00:00+0000
2019-11-08T14:00:00+0000,56.14,56.29,55.86,55.87,5816,2019-11-08T14:00:00+0000
2019-11-08T15:00:00+0000,55.86,56.51,55.77,56.37,7455,2019-11-08T15:00:00+0000
2019-11-08T16:00:00+0000,56.37,57.27,56.36,57.18,6881,2019-11-08T16:00:00+0000
2019-11-08T17:00:00+0000,57.18,57.37,57.1,57.15,3650,2019-11-08T17:00:00+0000
2019-11-08T18:00:00+0000,57.15,57.26,56.95,57.17,3834,2019-11-08T18:00:00+0000
2019-11-08T19:00:00+0000,57.18,57.48,57.14,57.43,5651,2019-11-08T19:00:00+0000
2019-11-08T20:00:00+0000,57.45,57.47,57.36,57.42,976,2019-11-08T20:00:00+0000
2019-11-08T21:00:00+0000,57.42,57.46,57.37,57.46,373,2019-11-08T21:00:00+0000
2019-11-10T23:00:00+0000,57.34,57.34,57.05,57.15,588,2019-11-10T23:00:00+0000
2019-11-11T00:00:00+0000,57.14,57.16,57.08,57.09,173,2019-11-11T00:00:00+0000
2019-11-11T01:00:00+0000,57.09,57.09,56.87,56.91,599,2019-11-11T01:00:00+0000
2019-11-11T02:00:00+0000,56.92,56.93,56.82,56.86,375,2019-11-11T02:00:00+0000
2019-11-11T03:00:00+0000,56.86,56.88,56.76,56.77,244,2019-11-11T03:00:00+0000
2019-11-11T04:00:00+0000,56.77,56.81,56.75,56.76,78,2019-11-11T04:00:00+0000
2019-11-11T05:00:00+0000,56.77,56.83,56.69,56.78,345,2019-11-11T05:00:00+0000
2019-11-11T06:00:00+0000,56.77,56.77,56.58,56.62,776,2019-11-11T06:00:00+0000
2019-11-11T07:00:00+0000,56.63,56.77,56.59,56.76,832,2019-11-11T07:00:00+0000
2019-11-11T08:00:00+0000,56.75,56.77,56.5,56.75,1060,2019-11-11T08:00:00+0000
2019-11-11T09:00:00+0000,56.75,56.91,56.4,56.49,1678,2019-11-11T09:00:00+0000
2019-11-11T10:00:00+0000,56.48,56.54,56.28,56.36,962,2019-11-11T10:00:00+0000
2019-11-11T11:00:00+0000,56.36,56.55,56.32,56.5,964,2019-11-11T11:00:00+0000
2019-11-11T12:00:00+0000,56.52,56.69,56.48,56.63,1044,2019-11-11T12:00:00+0000
2019-11-11T13:00:00+0000,56.62,56.78,56.45,56.48,2080,2019-11-11T13:00:00+0000
2019-11-11T14:00:00+0000,56.49,57.03,56.36,57.02,5487,2019-11-11T14:00:00+0000
2019-11-11T15:00:00+0000,57.03,57.37,57.03,57.24,5307,2019-11-11T15:00:00+0000
2019-11-11T16:00:00+0000,57.24,57.3,56.96,57.0,3262,2019-11-11T16:00:00+0000
2019-11-11T17:00:00+0000,57.01,57.09,56.88,57.0,3014,2019-11-11T17:00:00+0000
2019-11-11T18:00:00+0000,57.0,57.25,56.98,57.2,2740,2019-11-11T18:00:00+0000
2019-11-11T19:00:00+0000,57.2,57.29,56.83,56.96,5404,2019-11-11T19:00:00+0000
2019-11-11T20:00:00+0000,56.97,56.97,56.86,56.94,531,2019-11-11T20:00:00+0000
2019-11-11T21:00:00+0000,56.93,56.98,56.89,56.94,281,2019-11-11T21:00:00+0000
2019-11-11T23:00:00+0000,56.91,56.92,56.59,56.67,727,2019-11-11T23:00:00+0000
2019-11-12T00:00:00+0000,56.67,56.77,56.65,56.77,164,2019-11-12T00:00:00+0000
2019-11-12T01:00:00+0000,56.78,56.84,56.66,56.66,612,2019-11-12T01:00:00+0000
2019-11-12T02:00:00+0000,56.66,56.77,56.62,56.75,391,2019-11-12T02:00:00+0000
2019-11-12T03:00:00+0000,56.76,56.95,56.76,56.86,363,2019-11-12T03:00:00+0000
2019-11-12T04:00:00+0000,56.86,57.02,56.82,57.0,186,2019-11-12T04:00:00+0000
2019-11-12T05:00:00+0000,57.01,57.11,56.96,57.09,479,2019-11-12T05:00:00+0000
2019-11-12T06:00:00+0000,57.1,57.23,57.07,57.1,431,2019-11-12T06:00:00+0000
2019-11-12T07:00:00+0000,57.1,57.13,57.0,57.08,542,2019-11-12T07:00:00+0000
2019-11-12T08:00:00+0000,57.08,57.26,56.94,57.06,1654,2019-11-12T08:00:00+0000
2019-11-12T09:00:00+0000,57.08,57.19,56.83,56.88,1146,2019-11-12T09:00:00+0000
2019-11-12T10:00:00+0000,56.9,57.32,56.87,57.21,1340,2019-11-12T10:00:00+0000
2019-11-12T11:00:00+0000,57.22,57.3,57.12,57.12,776,2019-11-12T11:00:00+0000
2019-11-12T12:00:00+0000,57.13,57.18,57.07,57.15,999,2019-11-12T12:00:00+0000
2019-11-12T13:00:00+0000,57.15,57.28,56.97,57.24,3119,2019-11-12T13:00:00+0000
2019-11-12T14:00:00+0000,57.24,57.5,57.15,57.37,6796,2019-11-12T14:00:00+0000
2019-11-12T15:00:00+0000,57.37,57.59,57.23,57.23,6779,2019-11-12T15:00:00+0000
2019-11-12T16:00:00+0000,57.23,57.28,56.66,56.9,8330,2019-11-12T16:00:00+0000
2019-11-12T17:00:00+0000,56.91,57.06,56.77,56.96,4134,2019-11-12T17:00:00+0000
2019-11-12T18:00:00+0000,56.97,57.28,56.95,57.0,3707,2019-11-12T18:00:00+0000
2019-11-12T19:00:00+0000,56.99,57.02,56.59,56.87,5932,2019-11-12T19:00:00+0000
2019-11-12T20:00:00+0000,56.87,56.89,56.79,56.87,792,2019-11-12T20:00:00+0000
2019-11-12T21:00:00+0000,56.88,56.88,56.78,56.85,550,2019-11-12T21:00:00+0000
2019-11-12T23:00:00+0000,56.83,56.85,56.69,56.74,249,2019-11-12T23:00:00+0000
2019-11-13T00:00:00+0000,56.74,56.74,56.65,56.67,275,2019-11-13T00:00:00+0000
2019-11-13T01:00:00+0000,56.67,56.76,56.66,56.66,598,2019-11-13T01:00:00+0000
2019-11-13T02:00:00+0000,56.65,56.79,56.64,56.78,299,2019-11-13T02:00:00+0000
2019-11-13T03:00:00+0000,56.77,56.84,56.75,56.75,304,2019-11-13T03:00:00+0000
2019-11-13T04:00:00+0000,56.74,56.76,56.62,56.68,285,2019-11-13T04:00:00+0000
2019-11-13T05:00:00+0000,56.67,56.71,56.56,56.64,422,2019-11-13T05:00:00+0000
2019-11-13T06:00:00+0000,56.64,56.67,56.56,56.59,393,2019-11-13T06:00:00+0000
2019-11-13T07:00:00+0000,56.58,56.68,56.57,56.58,880,2019-11-13T07:00:00+0000
2019-11-13T08:00:00+0000,56.57,56.74,56.48,56.5,3688,2019-11-13T08:00:00+0000
2019-11-13T09:00:00+0000,56.51,56.55,56.28,56.31,4476,2019-11-13T09:00:00+0000
2019-11-13T10:00:00+0000,56.3,56.49,56.27,56.4,2748,2019-11-13T10:00:00+0000
2019-11-13T11:00:00+0000,56.4,56.48,56.32,56.42,1876,2019-11-13T11:00:00+0000
2019-11-13T12:00:00+0000,56.44,56.66,56.43,56.63,1559,2019-11-13T12:00:00+0000
2019-11-13T13:00:00+0000,56.64,56.73,56.51,56.55,2688,2019-11-13T13:00:00+0000
2019-11-13T14:00:00+0000,56.55,57.2,56.37,57.18,9418,2019-11-13T14:00:00+0000
2019-11-13T15:00:00+0000,57.18,57.42,57.11,57.21,8063,2019-11-13T15:00:00+0000
2019-11-13T16:00:00+0000,57.21,57.33,57.09,57.3,6876,2019-11-13T16:00:00+0000
2019-11-13T17:00:00+0000,57.3,57.48,57.22,57.39,5199,2019-11-13T17:00:00+0000
2019-11-13T18:00:00+0000,57.39,57.6,57.26,57.26,7711,2019-11-13T18:00:00+0000
2019-11-13T19:00:00+0000,57.26,57.34,57.12,57.31,7624,2019-11-13T19:00:00+0000
2019-11-13T20:00:00+0000,57.31,57.37,57.25,57.31,1197,2019-11-13T20:00:00+0000
2019-11-13T21:00:00+0000,57.31,57.56,57.27,57.44,851,2019-11-13T21:00:00+0000
2019-11-13T23:00:00+0000,57.42,57.5,57.36,57.48,587,2019-11-13T23:00:00+0000
2019-11-14T00:00:00+0000,57.47,57.5,57.38,57.39,456,2019-11-14T00:00:00+0000
2019-11-14T01:00:00+0000,57.38,57.77,57.36,57.66,3245,2019-11-14T01:00:00+0000
2019-11-14T02:00:00+0000,57.66,57.67,57.37,57.46,2070,2019-11-14T02:00:00+0000
2019-11-14T03:00:00+0000,57.45,57.53,57.42,57.48,521,2019-11-14T03:00:00+0000
2019-11-14T04:00:00+0000,57.48,57.53,57.43,57.53,513,2019-11-14T04:00:00+0000
2019-11-14T05:00:00+0000,57.53,57.67,57.53,57.61,813,2019-11-14T05:00:00+0000
2019-11-14T06:00:00+0000,57.61,57.61,57.52,57.56,661,2019-11-14T06:00:00+0000
2019-11-14T07:00:00+0000,57.56,57.64,57.46,57.63,1291,2019-11-14T07:00:00+0000
2019-11-14T08:00:00+0000,57.63,57.68,57.44,57.5,3211,2019-11-14T08:00:00+0000
2019-11-14T09:00:00+0000,57.5,57.6,57.43,57.55,2085,2019-11-14T09:00:00+0000
2019-11-14T10:00:00+0000,57.55,57.82,57.53,57.73,4058,2019-11-14T10:00:00+0000
2019-11-14T11:00:00+0000,57.72,57.84,57.7,57.8,3221,2019-11-14T11:00:00+0000
2019-11-14T12:00:00+0000,57.81,57.85,57.62,57.65,2687,2019-11-14T12:00:00+0000
2019-11-14T13:00:00+0000,57.66,57.74,57.49,57.65,4475,2019-11-14T13:00:00+0000
2019-11-14T14:00:00+0000,57.65,57.83,57.52,57.58,12598,2019-11-14T14:00:00+0000
2019-11-14T15:00:00+0000,57.58,57.79,57.55,57.55,10498,2019-11-14T15:00:00+0000
2019-11-14T16:00:00+0000,57.6,57.72,56.93,57.09,24956,2019-11-14T16:00:00+0000
2019-11-14T17:00:00+0000,57.08,57.19,56.92,57.17,8042,2019-11-14T17:00:00+0000
2019-11-14T18:00:00+0000,57.17,57.18,56.77,56.81,7590,2019-11-14T18:00:00+0000
2019-11-14T19:00:00+0000,56.82,57.0,56.76,56.93,8264,2019-11-14T19:00:00+0000
2019-11-14T20:00:00+0000,56.92,57.05,56.9,57.04,1645,2019-11-14T20:00:00+0000
2019-11-14T21:00:00+0000,57.04,57.05,56.96,56.99,904,2019-11-14T21:00:00+0000
2019-11-14T23:00:00+0000,57.01,57.09,56.96,57.09,664,2019-11-14T23:00:00+0000
2019-11-15T00:00:00+0000,57.09,57.17,56.95,57.15,931,2019-11-15T00:00:00+0000
2019-11-15T01:00:00+0000,57.15,57.18,57.1,57.13,1618,2019-11-15T01:00:00+0000
2019-11-15T02:00:00+0000,57.13,57.21,57.11,57.19,1314,2019-11-15T02:00:00+0000
2019-11-15T03:00:00+0000,57.2,57.23,57.13,57.15,838,2019-11-15T03:00:00+0000
2019-11-15T04:00:00+0000,57.14,57.19,57.13,57.17,343,2019-11-15T04:00:00+0000
2019-11-15T05:00:00+0000,57.17,57.23,57.09,57.11,1257,2019-11-15T05:00:00+0000
2019-11-15T06:00:00+0000,57.11,57.13,57.02,57.04,1619,2019-11-15T06:00:00+0000
2019-11-15T07:00:00+0000,57.04,57.12,57.01,57.09,1331,2019-11-15T07:00:00+0000
2019-11-15T08:00:00+0000,57.09,57.17,56.89,56.9,5726,2019-11-15T08:00:00+0000
2019-11-15T09:00:00+0000,56.89,56.96,56.77,56.8,4961,2019-11-15T09:00:00+0000
2019-11-15T10:00:00+0000,56.79,56.83,56.53,56.64,6616,2019-11-15T10:00:00+0000
2019-11-15T11:00:00+0000,56.63,56.82,56.58,56.72,4360,2019-11-15T11:00:00+0000
2019-11-15T12:00:00+0000,56.73,56.87,56.7,56.79,3593,2019-11-15T12:00:00+0000
2019-11-15T13:00:00+0000,56.78,57.09,56.66,57.07,10185,2019-11-15T13:00:00+0000
2019-11-15T14:00:00+0000,57.07,57.15,56.84,56.98,15748,2019-11-15T14:00:00+0000
2019-11-15T15:00:00+0000,56.98,57.38,56.97,57.32,16406,2019-11-15T15:00:00+0000
2019-11-15T16:00:00+0000,57.32,58.03,57.3,57.79,31445,2019-11-15T16:00:00+0000
2019-11-15T17:00:00+0000,57.79,58.09,57.79,57.88,18656,2019-11-15T17:00:00+0000
2019-11-15T18:00:00+0000,57.88,57.89,57.67,57.86,11397,2019-11-15T18:00:00+0000
2019-11-15T19:00:00+0000,57.87,57.94,57.72,57.86,14672,2019-11-15T19:00:00+0000
2019-11-15T20:00:00+0000,57.84,57.91,57.84,57.9,3116,2019-11-15T20:00:00+0000
2019-11-15T21:00:00+0000,57.89,58.03,57.88,58.02,2586,2019-11-15T21:00:00+0000
2019-11-17T23:00:00+0000,57.97,58.0,57.75,57.84,3725,2019-11-17T23:00:00+0000
2019-11-18T00:00:00+0000,57.84,57.89,57.8,57.86,1573,2019-11-18T00:00:00+0000
2019-11-18T01:00:00+0000,57.85,57.89,57.77,57.85,3979,2019-11-18T01:00:00+0000
2019-11-18T02:00:00+0000,57.86,57.93,57.85,57.88,3619,2019-11-18T02:00:00+0000
2019-11-18T03:00:00+0000,57.89,57.93,57.8,57.81,2267,2019-11-18T03:00:00+0000
2019-11-18T04:00:00+0000,57.82,57.85,57.8,57.83,883,2019-11-18T04:00:00+0000
2019-11-18T05:00:00+0000,57.82,57.89,57.78,57.86,2493,2019-11-18T05:00:00+0000
2019-11-18T06:00:00+0000,57.85,57.86,57.78,57.78,2484,2019-11-18T06:00:00+0000
2019-11-18T07:00:00+0000,57.79,58.17,57.74,58.0,11507,2019-11-18T07:00:00+0000
2019-11-18T08:00:00+0000,58.0,58.04,57.74,57.76,11244,2019-11-18T08:00:00+0000
2019-11-18T09:00:00+0000,57.77,57.96,57.71,57.94,8352,2019-11-18T09:00:00+0000
2019-11-18T10:00:00+0000,57.93,58.01,57.74,57.84,7237,2019-11-18T10:00:00+0000
2019-11-18T11:00:00+0000,57.83,57.85,57.57,57.68,10586,2019-11-18T11:00:00+0000
2019-11-18T12:00:00+0000,57.67,57.76,57.62,57.7,5759,2019-11-18T12:00:00+0000
2019-11-18T13:00:00+0000,57.7,57.7,57.25,57.32,29975,2019-11-18T13:00:00+0000
2019-11-18T14:00:00+0000,57.31,57.54,57.11,57.26,42887,2019-11-18T14:00:00+0000
2019-11-18T15:00:00+0000,57.26,57.53,57.14,57.43,37414,2019-11-18T15:00:00+0000
2019-11-18T16:00:00+0000,57.42,57.43,56.69,56.88,69363,2019-11-18T16:00:00+0000
2019-11-18T17:00:00+0000,56.89,56.93,56.78,56.85,15066,2019-11-18T17:00:00+0000
2019-11-18T18:00:00+0000,56.85,56.88,56.64,56.79,20454,2019-11-18T18:00:00+0000
2019-11-18T19:00:00+0000,56.79,57.16,56.74,56.97,28581,2019-11-18T19:00:00+0000
2019-11-18T20:00:00+0000,56.96,57.0,56.88,56.96,5297,2019-11-18T20:00:00+0000
2019-11-18T21:00:00+0000,56.96,57.05,56.94,56.97,3022,2019-11-18T21:00:00+0000
2019-11-18T23:00:00+0000,57.0,57.05,56.95,57.02,2003,2019-11-18T23:00:00+0000
2019-11-19T00:00:00+0000,57.02,57.04,56.87,56.95,2900,2019-11-19T00:00:00+0000
2019-11-19T01:00:00+0000,56.94,57.06,56.89,57.01,4948,2019-11-19T01:00:00+0000
2019-11-19T02:00:00+0000,57.01,57.08,56.96,56.99,3056,2019-11-19T02:00:00+0000
2019-11-19T03:00:00+0000,57.0,57.01,56.96,56.99,1671,2019-11-19T03:00:00+0000
2019-11-19T04:00:00+0000,56.98,57.04,56.97,57.01,1090,2019-11-19T04:00:00+0000
2019-11-19T05:00:00+0000,57.01,57.04,56.87,56.92,3463,2019-11-19T05:00:00+0000
2019-11-19T06:00:00+0000,56.92,56.97,56.87,56.94,3288,2019-11-19T06:00:00+0000
2019-11-19T07:00:00+0000,56.94,56.95,56.81,56.84,6379,2019-11-19T07:00:00+0000
2019-11-19T08:00:00+0000,56.84,57.08,56.78,57.07,16151,2019-11-19T08:00:00+0000
2019-11-19T09:00:00+0000,57.07,57.21,56.47,56.77,31983,2019-11-19T09:00:00+0000
2019-11-19T10:00:00+0000,56.77,56.78,56.52,56.62,13905,2019-11-19T10:00:00+0000
2019-11-19T11:00:00+0000,56.62,56.67,56.52,56.57,10293,2019-11-19T11:00:00+0000
2019-11-19T12:00:00+0000,56.57,56.66,56.26,56.29,19020,2019-11-19T12:00:00+0000
2019-11-19T13:00:00+0000,56.29,56.51,56.22,56.25,25912,2019-11-19T13:00:00+0000
2019-11-19T14:00:00+0000,56.26,56.34,55.95,56.07,60710,2019-11-19T14:00:00+0000
2019-11-19T15:00:00+0000,56.07,56.23,55.74,55.76,59793,2019-11-19T15:00:00+0000
2019-11-19T16:00:00+0000,55.76,56.06,55.62,55.86,49498,2019-11-19T16:00:00+0000
2019-11-19T17:00:00+0000,55.85,55.93,55.61,55.62,21120,2019-11-19T17:00:00+0000
2019-11-19T18:00:00+0000,55.61,55.62,55.16,55.3,46072,2019-11-19T18:00:00+0000
2019-11-19T19:00:00+0000,55.29,55.58,55.2,55.34,46417,2019-11-19T19:00:00+0000
2019-11-19T20:00:00+0000,55.33,55.42,55.27,55.4,7149,2019-11-19T20:00:00+0000
2019-11-19T21:00:00+0000,55.4,55.43,55.17,55.25,7665,2019-11-19T21:00:00+0000
2019-11-19T23:00:00+0000,55.26,55.39,55.21,55.35,2836,2019-11-19T23:00:00+0000
2019-11-20T00:00:00+0000,55.35,55.54,55.35,55.54,3611,2019-11-20T00:00:00+0000
2019-11-20T01:00:00+0000,55.53,55.56,55.38,55.4,8529,2019-11-20T01:00:00+0000
2019-11-20T02:00:00+0000,55.4,55.47,55.38,55.46,4344,2019-11-20T02:00:00+0000
2019-11-20T03:00:00+0000,55.45,55.49,55.33,55.33,4976,2019-11-20T03:00:00+0000
2019-11-20T04:00:00+0000,55.34,55.39,55.32,55.37,1969,2019-11-20T04:00:00+0000
2019-11-20T05:00:00+0000,55.38,55.4,55.21,55.29,5326,2019-11-20T05:00:00+0000
2019-11-20T06:00:00+0000,55.28,55.31,55.17,55.28,5378,2019-11-20T06:00:00+0000
2019-11-20T07:00:00+0000,55.27,55.36,55.15,55.27,9598,2019-11-20T07:00:00+0000
2019-11-20T08:00:00+0000,55.27,55.28,54.85,55.21,30810,2019-11-20T08:00:00+0000
2019-11-20T09:00:00+0000,55.21,55.38,55.11,55.33,19266,2019-11-20T09:00:00+0000
2019-11-20T10:00:00+0000,55.34,55.54,55.24,55.52,14700,2019-11-20T10:00:00+0000
2019-11-20T11:00:00+0000,55.52,55.8,55.41,55.66,19580,2019-11-20T11:00:00+0000
2019-11-20T12:00:00+0000,55.66,55.71,55.54,55.61,10615,2019-11-20T12:00:00+0000
2019-11-20T13:00:00+0000,55.61,55.84,55.55,55.82,23265,2019-11-20T13:00:00+0000
2019-11-20T14:00:00+0000,55.81,55.94,55.68,55.78,37554,2019-11-20T14:00:00+0000
2019-11-20T15:00:00+0000,55.78,56.55,55.71,56.55,88163,2019-11-20T15:00:00+0000
2019-11-20T16:00:00+0000,56.54,57.18,56.53,57.05,105370,2019-11-20T16:00:00+0000
2019-11-20T17:00:00+0000,57.04,57.37,56.92,57.06,61387,2019-11-20T17:00:00+0000
2019-11-20T18:00:00+0000,57.06,57.25,56.73,57.22,50010,2019-11-20T18:00:00+0000
2019-11-20T19:00:00+0000,57.22,57.35,56.93,57.12,50717,2019-11-20T19:00:00+0000
2019-11-20T20:00:00+0000,57.12,57.17,57.02,57.03,8357,2019-11-20T20:00:00+0000
2019-11-20T21:00:00+0000,57.04,57.21,57.03,57.09,4970,2019-11-20T21:00:00+0000
2019-11-20T23:00:00+0000,57.0,57.05,56.83,56.97,3676,2019-11-20T23:00:00+0000
2019-11-21T00:00:00+0000,56.97,56.99,56.75,56.77,4004,2019-11-21T00:00:00+0000
2019-11-21T01:00:00+0000,56.78,56.88,56.77,56.82,7183,2019-11-21T01:00:00+0000
2019-11-21T02:00:00+0000,56.82,57.02,56.77,56.92,8899,2019-11-21T02:00:00+0000
2019-11-21T03:00:00+0000,56.92,56.92,56.83,56.86,3126,2019-11-21T03:00:00+0000
2019-11-21T04:00:00+0000,56.87,56.9,56.83,56.85,2010,2019-11-21T04:00:00+0000
2019-11-21T05:00:00+0000,56.85,56.94,56.83,56.87,2911,2019-11-21T05:00:00+0000
2019-11-21T06:00:00+0000,56.86,56.9,56.8,56.87,3257,2019-11-21T06:00:00+0000
2019-11-21T07:00:00+0000,56.87,57.09,56.83,56.9,8385,2019-11-21T07:00:00+0000
2019-11-21T08:00:00+0000,56.91,56.99,56.66,56.68,17561,2019-11-21T08:00:00+0000
2019-11-21T09:00:00+0000,56.68,56.97,56.6,56.7,17796,2019-11-21T09:00:00+0000
2019-11-21T10:00:00+0000,56.69,57.0,56.69,56.97,17755,2019-11-21T10:00:00+0000
2019-11-21T11:00:00+0000,56.97,57.0,56.71,56.94,14132,2019-11-21T11:00:00+0000
2019-11-21T12:00:00+0000,56.94,57.23,56.84,57.18,18699,2019-11-21T12:00:00+0000
2019-11-21T13:00:00+0000,57.19,57.48,57.19,57.44,32174,2019-11-21T13:00:00+0000
2019-11-21T14:00:00+0000,57.44,57.98,57.38,57.92,65190,2019-11-21T14:00:00+0000
2019-11-21T15:00:00+0000,57.92,58.13,57.77,58.05,70432,2019-11-21T15:00:00+0000
2019-11-21T16:00:00+0000,58.05,58.28,57.85,58.07,62383,2019-11-21T16:00:00+0000
2019-11-21T17:00:00+0000,58.07,58.34,58.02,58.32,39474,2019-11-21T17:00:00+0000
2019-11-21T18:00:00+0000,58.33,58.51,58.21,58.45,37990,2019-11-21T18:00:00+0000
2019-11-21T19:00:00+0000,58.45,58.67,58.32,58.55,40908,2019-11-21T19:00:00+0000
2019-11-21T20:00:00+0000,58.56,58.57,58.41,58.42,9125,2019-11-21T20:00:00+0000
2019-11-21T21:00:00+0000,58.43,58.43,58.3,58.33,5932,2019-11-21T21:00:00+0000
2019-11-21T23:00:00+0000,58.31,58.4,58.25,58.34,2775,2019-11-21T23:00:00+0000
2019-11-22T00:00:00+0000,58.34,58.37,58.24,58.24,2943,2019-11-22T00:00:00+0000
2019-11-22T01:00:00+0000,58.24,58.29,58.2,58.23,6243,2019-11-22T01:00:00+0000
2019-11-22T02:00:00+0000,58.23,58.27,58.15,58.19,4000,2019-11-22T02:00:00+0000
2019-11-22T03:00:00+0000,58.2,58.2,58.16,58.16,2120,2019-11-22T03:00:00+0000
2019-11-22T04:00:00+0000,58.17,58.22,58.16,58.19,1849,2019-11-22T04:00:00+0000
2019-11-22T05:00:00+0000,58.19,58.2,58.11,58.13,2746,2019-11-22T05:00:00+0000
2019-11-22T06:00:00+0000,58.13,58.22,58.09,58.21,4227,2019-11-22T06:00:00+0000
2019-11-22T07:00:00+0000,58.21,58.36,58.19,58.34,7543,2019-11-22T07:00:00+0000
2019-11-22T08:00:00+0000,58.34,58.51,58.21,58.3,21246,2019-11-22T08:00:00+0000
2019-11-22T09:00:00+0000,58.3,58.5,58.18,58.41,15409,2019-11-22T09:00:00+0000
2019-11-22T10:00:00+0000,58.41,58.48,58.29,58.35,11308,2019-11-22T10:00:00+0000
2019-11-22T11:00:00+0000,58.35,58.37,58.06,58.33,15631,2019-11-22T11:00:00+0000
2019-11-22T12:00:00+0000,58.32,58.48,58.29,58.36,11833,2019-11-22T12:00:00+0000
2019-11-22T13:00:00+0000,58.37,58.57,58.21,58.5,27455,2019-11-22T13:00:00+0000
2019-11-22T14:00:00+0000,58.5,58.74,58.15,58.31,60185,2019-11-22T14:00:00+0000
2019-11-22T15:00:00+0000,58.31,58.47,57.79,57.87,66307,2019-11-22T15:00:00+0000
2019-11-22T16:00:00+0000,57.87,57.97,57.52,57.85,64344,2019-11-22T16:00:00+0000
2019-11-22T17:00:00+0000,57.86,57.87,57.69,57.84,19036,2019-11-22T17:00:00+0000
2019-11-22T18:00:00+0000,57.85,58.16,57.68,57.8,32330,2019-11-22T18:00:00+0000
2019-11-22T19:00:00+0000,57.8,57.99,57.5,57.98,39597,2019-11-22T19:00:00+0000
2019-11-22T20:00:00+0000,57.98,58.03,57.89,58.0,6163,2019-11-22T20:00:00+0000
2019-11-22T21:00:00+0000,58.0,58.05,57.85,57.93,3839,2019-11-22T21:00:00+0000
2019-11-24T23:00:00+0000,57.92,58.05,57.82,58.01,3782,2019-11-24T23:00:00+0000
2019-11-25T00:00:00+0000,58.0,58.01,57.88,57.9,2301,2019-11-25T00:00:00+0000
2019-11-25T01:00:00+0000,57.9,57.91,57.76,57.9,4157,2019-11-25T01:00:00+0000
2019-11-25T02:00:00+0000,57.9,57.91,57.82,57.89,2042,2019-11-25T02:00:00+0000
2019-11-25T03:00:00+0000,57.89,57.96,57.86,57.89,2051,2019-11-25T03:00:00+0000
2019-11-25T04:00:00+0000,57.89,57.91,57.85,57.85,907,2019-11-25T04:00:00+0000
2019-11-25T05:00:00+0000,57.85,57.95,57.82,57.92,2380,2019-11-25T05:00:00+0000
2019-11-25T06:00:00+0000,57.92,58.01,57.88,57.97,3431,2019-11-25T06:00:00+0000
2019-11-25T07:00:00+0000,57.97,58.05,57.92,58.03,3699,2019-11-25T07:00:00+0000
2019-11-25T08:00:00+0000,58.02,58.08,57.82,57.94,11833,2019-11-25T08:00:00+0000
2019-11-25T09:00:00+0000,57.94,58.04,57.74,57.9,14245,2019-11-25T09:00:00+0000
2019-11-25T10:00:00+0000,57.9,57.92,57.68,57.81,9575,2019-11-25T10:00:00+0000
2019-11-25T11:00:00+0000,57.81,57.86,57.59,57.64,8594,2019-11-25T11:00:00+0000
2019-11-25T12:00:00+0000,57.64,57.71,57.56,57.69,8819,2019-11-25T12:00:00+0000
2019-11-25T13:00:00+0000,57.7,57.89,57.47,57.69,28920,2019-11-25T13:00:00+0000
2019-11-25T14:00:00+0000,57.69,58.01,57.21,57.43,79938,2019-11-25T14:00:00+0000
2019-11-25T15:00:00+0000,57.42,57.93,57.29,57.81,52332,2019-11-25T15:00:00+0000
2019-11-25T16:00:00+0000,57.82,58.03,57.58,57.59,48762,2019-11-25T16:00:00+0000
2019-11-25T17:00:00+0000,57.59,57.84,57.48,57.77,22279,2019-11-25T17:00:00+0000
2019-11-25T18:00:00+0000,57.77,57.88,57.63,57.86,17422,2019-11-25T18:00:00+0000
2019-11-25T19:00:00+0000,57.87,58.15,57.85,58.04,29009,2019-11-25T19:00:00+0000
2019-11-25T20:00:00+0000,58.04,58.07,57.94,57.96,5481,2019-11-25T20:00:00+0000
2019-11-25T21:00:00+0000,57.95,58.02,57.91,57.91,2963,2019-11-25T21:00:00+0000
2019-11-25T23:00:00+0000,57.92,57.95,57.84,57.95,1473,2019-11-25T23:00:00+0000
2019-11-26T00:00:00+0000,57.94,58.01,57.94,58.01,1581,2019-11-26T00:00:00+0000
2019-11-26T01:00:00+0000,58.0,58.12,57.9,58.05,5779,2019-11-26T01:00:00+0000
2019-11-26T02:00:00+0000,58.06,58.06,57.95,57.98,3648,2019-11-26T02:00:00+0000
2019-11-26T03:00:00+0000,57.97,58.01,57.92,57.94,2125,2019-11-26T03:00:00+0000
2019-11-26T04:00:00+0000,57.95,58.01,57.94,57.98,1898,2019-11-26T04:00:00+0000
2019-11-26T05:00:00+0000,57.98,58.03,57.92,57.94,2664,2019-11-26T05:00:00+0000
2019-11-26T06:00:00+0000,57.93,58.0,57.85,57.92,4048,2019-11-26T06:00:00+0000
2019-11-26T07:00:00+0000,57.91,57.96,57.89,57.9,3118,2019-11-26T07:00:00+0000
2019-11-26T08:00:00+0000,57.9,58.01,57.85,57.99,12593,2019-11-26T08:00:00+0000
2019-11-26T09:00:00+0000,58.0,58.24,57.76,58.2,27627,2019-11-26T09:00:00+0000
2019-11-26T10:00:00+0000,58.2,58.31,58.0,58.0,17436,2019-11-26T10:00:00+0000
2019-11-26T11:00:00+0000,58.01,58.2,57.9,58.06,12930,2019-11-26T11:00:00+0000
2019-11-26T12:00:00+0000,58.06,58.21,58.03,58.18,8023,2019-11-26T12:00:00+0000
2019-11-26T13:00:00+0000,58.19,58.42,58.19,58.29,24432,2019-11-26T13:00:00+0000
2019-11-26T14:00:00+0000,58.29,58.56,58.19,58.52,48851,2019-11-26T14:00:00+0000
2019-11-26T15:00:00+0000,58.52,58.54,58.03,58.1,51326,2019-11-26T15:00:00+0000
2019-11-26T16:00:00+0000,58.1,58.36,57.82,58.35,56024,2019-11-26T16:00:00+0000
2019-11-26T17:00:00+0000,58.36,58.43,58.19,58.24,20912,2019-11-26T17:00:00+0000
2019-11-26T18:00:00+0000,58.23,58.25,57.9,57.97,22162,2019-11-26T18:00:00+0000
2019-11-26T19:00:00+0000,57.97,58.44,57.9,58.43,39301,2019-11-26T19:00:00+0000
2019-11-26T20:00:00+0000,58.43,58.48,58.31,58.35,7399,2019-11-26T20:00:00+0000
2019-11-26T21:00:00+0000,58.36,58.38,58.13,58.32,5702,2019-11-26T21:00:00+0000
2019-11-26T23:00:00+0000,58.27,58.3,58.21,58.27,2007,2019-11-26T23:00:00+0000
2019-11-27T00:00:00+0000,58.26,58.3,58.17,58.19,1547,2019-11-27T00:00:00+0000
2019-11-27T01:00:00+0000,58.18,58.26,58.16,58.18,3395,2019-11-27T01:00:00+0000
2019-11-27T02:00:00+0000,58.19,58.23,58.18,58.21,1495,2019-11-27T02:00:00+0000
2019-11-27T03:00:00+0000,58.21,58.28,58.2,58.24,2281,2019-11-27T03:00:00+0000
2019-11-27T04:00:00+0000,58.25,58.31,58.24,58.29,1467,2019-11-27T04:00:00+0000
2019-11-27T05:00:00+0000,58.28,58.34,58.27,58.29,1740,2019-11-27T05:00:00+0000
2019-11-27T06:00:00+0000,58.29,58.29,58.21,58.27,2653,2019-11-27T06:00:00+0000
2019-11-27T07:00:00+0000,58.28,58.37,58.28,58.32,3471,2019-11-27T07:00:00+0000
2019-11-27T08:00:00+0000,58.33,58.47,58.29,58.41,12456,2019-11-27T08:00:00+0000
2019-11-27T09:00:00+0000,58.41,58.49,58.36,58.44,10410,2019-11-27T09:00:00+0000
2019-11-27T10:00:00+0000,58.44,58.61,58.41,58.51,12628,2019-11-27T10:00:00+0000
2019-11-27T11:00:00+0000,58.52,58.68,58.46,58.63,9799,2019-11-27T11:00:00+0000
2019-11-27T12:00:00+0000,58.63,58.64,58.41,58.43,8708,2019-11-27T12:00:00+0000
2019-11-27T13:00:00+0000,58.43,58.58,58.36,58.43,19228,2019-11-27T13:00:00+0000
2019-11-27T14:00:00+0000,58.44,58.53,58.21,58.39,38610,2019-11-27T14:00:00+0000
2019-11-27T15:00:00+0000,58.38,58.54,57.93,58.0,77361,2019-11-27T15:00:00+0000
2019-11-27T16:00:00+0000,58.01,58.09,57.58,57.79,67135,2019-11-27T16:00:00+0000
2019-11-27T17:00:00+0000,57.79,57.86,57.51,57.72,31969,2019-11-27T17:00:00+0000
2019-11-27T18:00:00+0000,57.72,58.11,57.7,58.1,32310,2019-11-27T18:00:00+0000
2019-11-27T19:00:00+0000,58.09,58.15,57.91,58.07,33197,2019-11-27T19:00:00+0000
2019-11-27T20:00:00+0000,58.07,58.18,58.05,58.09,5437,2019-11-27T20:00:00+0000
2019-11-27T21:00:00+0000,58.1,58.16,58.08,58.14,2776,2019-11-27T21:00:00+0000
2019-11-27T23:00:00+0000,58.13,58.14,57.96,57.97,1993,2019-11-27T23:00:00+0000
2019-11-28T00:00:00+0000,57.97,57.98,57.82,57.85,2817,2019-11-28T00:00:00+0000
2019-11-28T01:00:00+0000,57.85,57.92,57.81,57.91,3752,2019-11-28T01:00:00+0000
2019-11-28T02:00:00+0000,57.92,57.92,57.83,57.89,2029,2019-11-28T02:00:00+0000
2019-11-28T03:00:00+0000,57.88,57.9,57.83,57.89,1892,2019-11-28T03:00:00+0000
2019-11-28T04:00:00+0000,57.9,57.9,57.84,57.88,1109,2019-11-28T04:00:00+0000
2019-11-28T05:00:00+0000,57.88,57.88,57.83,57.83,1618,2019-11-28T05:00:00+0000
2019-11-28T06:00:00+0000,57.84,57.86,57.78,57.83,3316,2019-11-28T06:00:00+0000
2019-11-28T07:00:00+0000,57.84,57.89,57.73,57.74,4943,2019-11-28T07:00:00+0000
2019-11-28T08:00:00+0000,57.74,57.82,57.66,57.74,10304,2019-11-28T08:00:00+0000
2019-11-28T09:00:00+0000,57.74,57.77,57.65,57.71,8641,2019-11-28T09:00:00+0000
2019-11-28T10:00:00+0000,57.72,57.89,57.64,57.85,9205,2019-11-28T10:00:00+0000
2019-11-28T11:00:00+0000,57.85,58.02,57.84,57.99,10850,2019-11-28T11:00:00+0000
2019-11-28T12:00:00+0000,57.99,58.01,57.83,57.88,9540,2019-11-28T12:00:00+0000
2019-11-28T13:00:00+0000,57.88,57.98,57.84,57.88,7296,2019-11-28T13:00:00+0000
2019-11-28T14:00:00+0000,57.88,57.96,57.75,57.94,12401,2019-11-28T14:00:00+0000
2019-11-28T15:00:00+0000,57.94,58.1,57.77,57.8,17317,2019-11-28T15:00:00+0000
2019-11-28T16:00:00+0000,57.8,57.9,57.68,57.85,14690,2019-11-28T16:00:00+0000
2019-11-28T17:00:00+0000,57.86,58.3,57.85,58.24,10767,2019-11-28T17:00:00+0000
2019-11-28T23:00:00+0000,58.2,58.28,58.04,58.08,2629,2019-11-28T23:00:00+0000
2019-11-29T00:00:00+0000,58.08,58.14,58.07,58.09,1482,2019-11-29T00:00:00+0000
2019-11-29T01:00:00+0000,58.1,58.15,58.02,58.02,3203,2019-11-29T01:00:00+0000
2019-11-29T02:00:00+0000,58.02,58.08,58.02,58.06,1616,2019-11-29T02:00:00+0000
2019-11-29T03:00:00+0000,58.06,58.07,57.97,58.0,2093,2019-11-29T03:00:00+0000
2019-11-29T04:00:00+0000,58.0,58.04,57.96,57.99,1705,2019-11-29T04:00:00+0000
2019-11-29T05:00:00+0000,57.98,58.0,57.93,57.98,2304,2019-11-29T05:00:00+0000
2019-11-29T06:00:00+0000,57.98,58.11,57.94,58.11,3394,2019-11-29T06:00:00+0000
2019-11-29T07:00:00+0000,58.11,58.17,58.06,58.11,5260,2019-11-29T07:00:00+0000
2019-11-29T08:00:00+0000,58.11,58.17,57.92,57.97,11955,2019-11-29T08:00:00+0000
2019-11-29T09:00:00+0000,57.97,58.07,57.87,57.98,13609,2019-11-29T09:00:00+0000
2019-11-29T10:00:00+0000,57.98,58.13,57.91,58.08,9999,2019-11-29T10:00:00+0000
2019-11-29T11:00:00+0000,58.08,58.11,57.99,58.06,5688,2019-11-29T11:00:00+0000
2019-11-29T12:00:00+0000,58.05,58.09,57.99,58.05,5399,2019-11-29T12:00:00+0000
2019-11-29T13:00:00+0000,58.05,58.11,57.94,58.07,11823,2019-11-29T13:00:00+0000
2019-11-29T14:00:00+0000,58.07,58.08,56.38,56.63,139631,2019-11-29T14:00:00+0000
2019-11-29T15:00:00+0000,56.63,56.64,55.99,56.08,89398,2019-11-29T15:00:00+0000
2019-11-29T16:00:00+0000,56.08,56.08,55.58,55.61,76703,2019-11-29T16:00:00+0000
2019-11-29T17:00:00+0000,55.61,55.68,55.26,55.61,68982,2019-11-29T17:00:00+0000
2019-11-29T18:00:00+0000,55.61,55.61,55.02,55.42,40441,2019-11-29T18:00:00+0000
2019-12-01T23:00:00+0000,55.47,55.84,55.42,55.81,9706,2019-12-01T23:00:00+0000
2019-12-02T00:00:00+0000,55.82,56.17,55.82,56.17,10439,2019-12-02T00:00:00+0000
2019-12-02T01:00:00+0000,56.17,56.24,55.95,56.02,15110,2019-12-02T01:00:00+0000
2019-12-02T02:00:00+0000,56.03,56.17,56.02,56.07,4429,2019-12-02T02:00:00+0000
2019-12-02T03:00:00+0000,56.07,56.11,56.05,56.09,2372,2019-12-02T03:00:00+0000
2019-12-02T04:00:00+0000,56.09,56.11,56.04,56.07,2046,2019-12-02T04:00:00+0000
2019-12-02T05:00:00+0000,56.07,56.16,56.07,56.13,2352,2019-12-02T05:00:00+0000
2019-12-02T06:00:00+0000,56.13,56.16,55.99,56.0,3828,2019-12-02T06:00:00+0000
2019-12-02T07:00:00+0000,56.0,56.02,55.89,55.97,8311,2019-12-02T07:00:00+0000
2019-12-02T08:00:00+0000,55.98,56.2,55.88,56.17,21394,2019-12-02T08:00:00+0000
2019-12-02T09:00:00+0000,56.18,56.67,56.14,56.56,30753,2019-12-02T09:00:00+0000
2019-12-02T10:00:00+0000,56.56,56.6,56.46,56.55,13155,2019-12-02T10:00:00+0000
2019-12-02T11:00:00+0000,56.56,56.62,56.32,56.53,17071,2019-12-02T11:00:00+0000
2019-12-02T12:00:00+0000,56.53,56.65,56.34,56.36,17184,2019-12-02T12:00:00+0000
2019-12-02T13:00:00+0000,56.36,56.47,56.13,56.45,36260,2019-12-02T13:00:00+0000
2019-12-02T14:00:00+0000,56.45,56.51,56.13,56.39,54517,2019-12-02T14:00:00+0000
2019-12-02T15:00:00+0000,56.39,56.47,55.8,55.92,90180,2019-12-02T15:00:00+0000
2019-12-02T16:00:00+0000,55.92,56.31,55.63,56.09,70106,2019-12-02T16:00:00+0000
2019-12-02T17:00:00+0000,56.09,56.15,55.87,55.89,22865,2019-12-02T17:00:00+0000
2019-12-02T18:00:00+0000,55.9,56.02,55.78,55.93,25363,2019-12-02T18:00:00+0000
2019-12-02T19:00:00+0000,55.92,56.06,55.85,56.02,36760,2019-12-02T19:00:00+0000
2019-12-02T20:00:00+0000,56.03,56.05,55.9,55.93,6244,2019-12-02T20:00:00+0000
2019-12-02T21:00:00+0000,55.92,56.0,55.92,55.99,2712,2019-12-02T21:00:00+0000
2019-12-02T23:00:00+0000,55.96,56.08,55.93,56.04,1946,2019-12-02T23:00:00+0000
2019-12-03T00:00:00+0000,56.04,56.17,56.04,56.1,2514,2019-12-03T00:00:00+0000
2019-12-03T01:00:00+0000,56.09,56.19,56.05,56.13,4664,2019-12-03T01:00:00+0000
2019-12-03T02:00:00+0000,56.14,56.2,56.09,56.17,2872,2019-12-03T02:00:00+0000
2019-12-03T03:00:00+0000,56.17,56.2,56.13,56.13,2366,2019-12-03T03:00:00+0000
2019-12-03T04:00:00+0000,56.13,56.18,56.12,56.15,1314,2019-12-03T04:00:00+0000
2019-12-03T05:00:00+0000,56.15,56.19,56.13,56.17,2076,2019-12-03T05:00:00+0000
2019-12-03T06:00:00+0000,56.17,56.24,56.14,56.22,3077,2019-12-03T06:00:00+0000
2019-12-03T07:00:00+0000,56.21,56.28,56.19,56.22,4000,2019-12-03T07:00:00+0000
2019-12-03T08:00:00+0000,56.22,56.36,56.12,56.3,16606,2019-12-03T08:00:00+0000
2019-12-03T09:00:00+0000,56.3,56.44,56.29,56.38,16016,2019-12-03T09:00:00+0000
2019-12-03T10:00:00+0000,56.37,56.43,55.99,56.1,24711,2019-12-03T10:00:00+0000
2019-12-03T11:00:00+0000,56.09,56.14,55.91,55.96,14926,2019-12-03T11:00:00+0000
2019-12-03T12:00:00+0000,55.96,56.05,55.64,55.66,25085,2019-12-03T12:00:00+0000
2019-12-03T13:00:00+0000,55.66,55.85,55.35,55.79,53843,2019-12-03T13:00:00+0000
2019-12-03T14:00:00+0000,55.8,56.04,55.48,55.75,82999,2019-12-03T14:00:00+0000
2019-12-03T15:00:00+0000,55.75,55.87,55.47,55.76,51767,2019-12-03T15:00:00+0000
2019-12-03T16:00:00+0000,55.75,56.27,55.72,56.02,55197,2019-12-03T16:00:00+0000
2019-12-03T17:00:00+0000,56.03,56.29,55.98,56.27,19070,2019-12-03T17:00:00+0000
2019-12-03T18:00:00+0000,56.28,56.38,56.19,56.35,19435,2019-12-03T18:00:00+0000
2019-12-03T19:00:00+0000,56.34,56.8,56.01,56.22,54863,2019-12-03T19:00:00+0000
2019-12-03T20:00:00+0000,56.22,56.33,56.18,56.31,6064,2019-12-03T20:00:00+0000
2019-12-03T21:00:00+0000,56.3,56.43,56.2,56.32,5754,2019-12-03T21:00:00+0000
2019-12-03T23:00:00+0000,56.43,56.44,56.33,56.41,1918,2019-12-03T23:00:00+0000
2019-12-04T00:00:00+0000,56.42,56.46,56.32,56.38,2978,2019-12-04T00:00:00+0000
2019-12-04T01:00:00+0000,56.37,56.44,56.3,56.36,4735,2019-12-04T01:00:00+0000
2019-12-04T02:00:00+0000,56.36,56.44,56.33,56.39,3376,2019-12-04T02:00:00+0000
2019-12-04T03:00:00+0000,56.39,56.6,56.36,56.52,6251,2019-12-04T03:00:00+0000
2019-12-04T04:00:00+0000,56.52,56.53,56.48,56.51,1470,2019-12-04T04:00:00+0000
2019-12-04T05:00:00+0000,56.51,56.54,56.41,56.47,3966,2019-12-04T05:00:00+0000
2019-12-04T06:00:00+0000,56.47,56.57,56.43,56.51,3774,2019-12-04T06:00:00+0000
2019-12-04T07:00:00+0000,56.5,56.51,56.28,56.32,9037,2019-12-04T07:00:00+0000
2019-12-04T08:00:00+0000,56.31,56.53,56.29,56.51,16285,2019-12-04T08:00:00+0000
2019-12-04T09:00:00+0000,56.51,56.97,56.44,56.94,38936,2019-12-04T09:00:00+0000
2019-12-04T10:00:00+0000,56.95,57.1,56.81,56.87,18911,2019-12-04T10:00:00+0000
2019-12-04T11:00:00+0000,56.87,57.09,56.81,57.07,12592,2019-12-04T11:00:00+0000
2019-12-04T12:00:00+0000,57.07,57.17,56.97,57.17,13960,2019-12-04T12:00:00+0000
2019-12-04T13:00:00+0000,57.17,57.23,56.91,57.17,33370,2019-12-04T13:00:00+0000
2019-12-04T14:00:00+0000,57.17,58.09,57.13,58.07,99452,2019-12-04T14:00:00+0000
2019-12-04T15:00:00+0000,58.07,58.47,58.03,58.4,104956,2019-12-04T15:00:00+0000
2019-12-04T16:00:00+0000,58.4,58.53,57.84,58.37,111752,2019-12-04T16:00:00+0000
2019-12-04T17:00:00+0000,58.38,58.66,58.32,58.49,42084,2019-12-04T17:00:00+0000
2019-12-04T18:00:00+0000,58.5,58.6,58.34,58.5,33850,2019-12-04T18:00:00+0000
2019-12-04T19:00:00+0000,58.51,58.6,58.36,58.53,49759,2019-12-04T19:00:00+0000
2019-12-04T20:00:00+0000,58.54,58.61,58.33,58.38,13598,2019-12-04T20:00:00+0000
2019-12-04T21:00:00+0000,58.38,58.39,58.3,58.35,5368,2019-12-04T21:00:00+0000
2019-12-04T23:00:00+0000,58.36,58.51,58.31,58.43,3904,2019-12-04T23:00:00+0000
2019-12-05T00:00:00+0000,58.43,58.44,58.23,58.23,4333,2019-12-05T00:00:00+0000
2019-12-05T01:00:00+0000,58.23,58.38,58.2,58.24,9208,2019-12-05T01:00:00+0000
2019-12-05T02:00:00+0000,58.24,58.24,58.17,58.18,4437,2019-12-05T02:00:00+0000
2019-12-05T03:00:00+0000,58.18,58.24,58.18,58.2,2301,2019-12-05T03:00:00+0000
2019-12-05T04:00:00+0000,58.2,58.24,58.18,58.23,1693,2019-12-05T04:00:00+0000
2019-12-05T05:00:00+0000,58.23,58.24,58.16,58.17,2897,2019-12-05T05:00:00+0000
2019-12-05T06:00:00+0000,58.16,58.27,58.12,58.25,4933,2019-12-05T06:00:00+0000
2019-12-05T07:00:00+0000,58.24,58.35,58.22,58.32,8443,2019-12-05T07:00:00+0000
2019-12-05T08:00:00+0000,58.33,58.51,58.17,58.21,23316,2019-12-05T08:00:00+0000
2019-12-05T09:00:00+0000,58.22,58.53,58.13,58.47,22413,2019-12-05T09:00:00+0000
2019-12-05T10:00:00+0000,58.47,58.58,58.29,58.5,18616,2019-12-05T10:00:00+0000
2019-12-05T11:00:00+0000,58.5,58.73,58.43,58.64,22348,2019-12-05T11:00:00+0000
2019-12-05T12:00:00+0000,58.65,58.85,58.57,58.69,20631,2019-12-05T12:00:00+0000
2019-12-05T13:00:00+0000,58.69,59.0,58.1,58.48,67443,2019-12-05T13:00:00+0000
2019-12-05T14:00:00+0000,58.48,59.12,58.4,58.71,90222,2019-12-05T14:00:00+0000
2019-12-05T15:00:00+0000,58.71,58.97,58.18,58.89,76628,2019-12-05T15:00:00+0000
2019-12-05T16:00:00+0000,58.89,59.02,58.55,58.65,53422,2019-12-05T16:00:00+0000
2019-12-05T17:00:00+0000,58.65,58.73,58.14,58.34,39214,2019-12-05T17:00:00+0000
2019-12-05T18:00:00+0000,58.33,58.57,58.31,58.46,23569,2019-12-05T18:00:00+0000
2019-12-05T19:00:00+0000,58.46,58.64,58.35,58.47,33221,2019-12-05T19:00:00+0000
2019-12-05T20:00:00+0000,58.47,58.53,58.35,58.38,8053,2019-12-05T20:00:00+0000
2019-12-05T21:00:00+0000,58.38,58.49,58.3,58.33,3337,2019-12-05T21:00:00+0000
2019-12-05T23:00:00+0000,58.32,58.36,58.28,58.35,1335,2019-12-05T23:00:00+0000
2019-12-06T00:00:00+0000,58.36,58.48,58.35,58.46,2437,2019-12-06T00:00:00+0000
2019-12-06T01:00:00+0000,58.47,58.48,58.3,58.3,3696,2019-12-06T01:00:00+0000
2019-12-06T02:00:00+0000,58.3,58.35,58.2,58.23,2998,2019-12-06T02:00:00+0000
2019-12-06T03:00:00+0000,58.24,58.29,58.21,58.22,2587,2019-12-06T03:00:00+0000
2019-12-06T04:00:00+0000,58.23,58.27,58.22,58.27,1500,2019-12-06T04:00:00+0000
2019-12-06T05:00:00+0000,58.26,58.29,58.22,58.23,1668,2019-12-06T05:00:00+0000
2019-12-06T06:00:00+0000,58.22,58.43,58.22,58.41,5528,2019-12-06T06:00:00+0000
2019-12-06T07:00:00+0000,58.41,58.42,58.29,58.35,5497,2019-12-06T07:00:00+0000
2019-12-06T08:00:00+0000,58.35,58.48,58.28,58.36,14651,2019-12-06T08:00:00+0000
2019-12-06T09:00:00+0000,58.36,58.54,58.3,58.49,10423,2019-12-06T09:00:00+0000
2019-12-06T10:00:00+0000,58.49,58.58,58.37,58.38,10290,2019-12-06T10:00:00+0000
2019-12-06T11:00:00+0000,58.38,58.42,57.92,58.15,29107,2019-12-06T11:00:00+0000
2019-12-06T12:00:00+0000,58.14,58.29,57.87,58.27,23192,2019-12-06T12:00:00+0000
2019-12-06T13:00:00+0000,58.27,58.3,57.7,57.91,44751,2019-12-06T13:00:00+0000
2019-12-06T14:00:00+0000,57.92,59.85,57.86,59.5,132658,2019-12-06T14:00:00+0000
2019-12-06T15:00:00+0000,59.5,59.6,58.7,58.81,96916,2019-12-06T15:00:00+0000
2019-12-06T16:00:00+0000,58.81,59.28,58.79,59.19,43609,2019-12-06T16:00:00+0000
2019-12-06T17:00:00+0000,59.19,59.2,58.84,58.98,24997,2019-12-06T17:00:00+0000
2019-12-06T18:00:00+0000,58.98,59.25,58.94,59.18,23113,2019-12-06T18:00:00+0000
2019-12-06T19:00:00+0000,59.17,59.28,58.98,59.2,35525,2019-12-06T19:00:00+0000
2019-12-06T20:00:00+0000,59.21,59.24,59.0,59.05,9879,2019-12-06T20:00:00+0000
2019-12-06T21:00:00+0000,59.05,59.2,59.04,59.07,2799,2019-12-06T21:00:00+0000
2019-12-08T23:00:00+0000,59.11,59.23,58.97,58.97,3830,2019-12-08T23:00:00+0000
2019-12-09T00:00:00+0000,58.97,58.97,58.83,58.86,3837,2019-12-09T00:00:00+0000
2019-12-09T01:00:00+0000,58.86,58.97,58.83,58.94,4546,2019-12-09T01:00:00+0000
2019-12-09T02:00:00+0000,58.93,59.0,58.9,58.95,2767,2019-12-09T02:00:00+0000
2019-12-09T03:00:00+0000,58.94,58.95,58.88,58.89,1943,2019-12-09T03:00:00+0000
2019-12-09T04:00:00+0000,58.89,58.94,58.89,58.91,1248,2019-12-09T04:00:00+0000
2019-12-09T05:00:00+0000,58.91,58.94,58.84,58.92,2362,2019-12-09T05:00:00+0000
2019-12-09T06:00:00+0000,58.92,59.0,58.89,58.98,3227,2019-12-09T06:00:00+0000
2019-12-09T07:00:00+0000,58.97,58.98,58.88,58.92,3429,2019-12-09T07:00:00+0000
2019-12-09T08:00:00+0000,58.93,58.98,58.7,58.73,13625,2019-12-09T08:00:00+0000
2019-12-09T09:00:00+0000,58.74,58.84,58.58,58.67,14399,2019-12-09T09:00:00+0000
2019-12-09T10:00:00+0000,58.66,58.72,58.53,58.65,12185,2019-12-09T10:00:00+0000
2019-12-09T11:00:00+0000,58.64,58.75,58.45,58.51,11920,2019-12-09T11:00:00+0000
2019-12-09T12:00:00+0000,58.5,58.66,58.45,58.48,10853,2019-12-09T12:00:00+0000
2019-12-09T13:00:00+0000,58.47,58.66,58.37,58.38,23855,2019-12-09T13:00:00+0000
2019-12-09T14:00:00+0000,58.38,58.99,58.23,58.89,64794,2019-12-09T14:00:00+0000
2019-12-09T15:00:00+0000,58.89,59.16,58.79,58.89,55623,2019-12-09T15:00:00+0000
2019-12-09T16:00:00+0000,58.88,59.25,58.78,59.04,50701,2019-12-09T16:00:00+0000
2019-12-09T17:00:00+0000,59.04,59.09,58.9,59.02,22933,2019-12-09T17:00:00+0000
2019-12-09T18:00:00+0000,59.01,59.18,58.98,59.15,20227,2019-12-09T18:00:00+0000
2019-12-09T19:00:00+0000,59.15,59.25,58.93,58.98,32959,2019-12-09T19:00:00+0000
2019-12-09T20:00:00+0000,58.99,59.02,58.95,59.01,4090,2019-12-09T20:00:00+0000
2019-12-09T21:00:00+0000,59.02,59.02,58.9,58.91,2986,2019-12-09T21:00:00+0000
2019-12-09T23:00:00+0000,58.92,58.94,58.82,58.86,1725,2019-12-09T23:00:00+0000
2019-12-10T00:00:00+0000,58.86,58.89,58.83,58.86,1601,2019-12-10T00:00:00+0000
2019-12-10T01:00:00+0000,58.87,58.96,58.86,58.93,3286,2019-12-10T01:00:00+0000
2019-12-10T02:00:00+0000,58.93,59.0,58.93,59.0,2106,2019-12-10T02:00:00+0000
2019-12-10T03:00:00+0000,58.99,59.0,58.91,58.93,2010,2019-12-10T03:00:00+0000
2019-12-10T04:00:00+0000,58.92,58.95,58.89,58.91,1336,2019-12-10T04:00:00+0000
2019-12-10T05:00:00+0000,58.91,58.95,58.86,58.93,3102,2019-12-10T05:00:00+0000
2019-12-10T06:00:00+0000,58.93,59.02,58.92,58.95,4599,2019-12-10T06:00:00+0000
2019-12-10T07:00:00+0000,58.95,59.01,58.91,58.94,3737,2019-12-10T07:00:00+0000
2019-12-10T08:00:00+0000,58.94,59.0,58.75,58.83,17460,2019-12-10T08:00:00+0000
2019-12-10T09:00:00+0000,58.83,58.84,58.66,58.81,16016,2019-12-10T09:00:00+0000
2019-12-10T10:00:00+0000,58.81,59.41,58.79,59.04,28805,2019-12-10T10:00:00+0000
2019-12-10T11:00:00+0000,59.04,59.05,58.56,58.74,20596,2019-12-10T11:00:00+0000
2019-12-10T12:00:00+0000,58.75,58.77,58.6,58.69,13573,2019-12-10T12:00:00+0000
2019-12-10T13:00:00+0000,58.69,59.1,58.52,58.83,48996,2019-12-10T13:00:00+0000
2019-12-10T14:00:00+0000,58.83,59.06,58.71,58.98,52911,2019-12-10T14:00:00+0000
2019-12-10T15:00:00+0000,58.98,59.32,58.98,59.26,52203,2019-12-10T15:00:00+0000
2019-12-10T16:00:00+0000,59.26,59.36,59.05,59.18,47265,2019-12-10T16:00:00+0000
2019-12-10T17:00:00+0000,59.18,59.25,59.11,59.2,16963,2019-12-10T17:00:00+0000
2019-12-10T18:00:00+0000,59.21,59.25,59.12,59.16,11927,2019-12-10T18:00:00+0000
2019-12-10T19:00:00+0000,59.16,59.52,59.16,59.28,39711,2019-12-10T19:00:00+0000
2019-12-10T20:00:00+0000,59.29,59.34,59.26,59.32,4978,2019-12-10T20:00:00+0000
2019-12-10T21:00:00+0000,59.32,59.36,59.02,59.09,7240,2019-12-10T21:00:00+0000
2019-12-10T23:00:00+0000,59.06,59.14,59.05,59.1,1696,2019-12-10T23:00:00+0000
2019-12-11T00:00:00+0000,59.09,59.12,58.94,58.99,3671,2019-12-11T00:00:00+0000
2019-12-11T01:00:00+0000,58.99,59.03,58.9,58.92,5030,2019-12-11T01:00:00+0000
2019-12-11T02:00:00+0000,58.93,58.95,58.89,58.93,2082,2019-12-11T02:00:00+0000
2019-12-11T03:00:00+0000,58.92,58.93,58.86,58.9,1962,2019-12-11T03:00:00+0000
2019-12-11T04:00:00+0000,58.91,58.96,58.9,58.93,1706,2019-12-11T04:00:00+0000
2019-12-11T05:00:00+0000,58.93,58.99,58.89,58.98,3014,2019-12-11T05:00:00+0000
2019-12-11T06:00:00+0000,58.98,58.99,58.91,58.91,2325,2019-12-11T06:00:00+0000
2019-12-11T07:00:00+0000,58.91,58.97,58.84,58.92,3985,2019-12-11T07:00:00+0000
2019-12-11T08:00:00+0000,58.91,58.98,58.84,58.92,13201,2019-12-11T08:00:00+0000
2019-12-11T09:00:00+0000,58.92,59.1,58.89,59.09,10117,2019-12-11T09:00:00+0000
2019-12-11T10:00:00+0000,59.09,59.17,58.82,58.98,15401,2019-12-11T10:00:00+0000
2019-12-11T11:00:00+0000,58.99,59.0,58.81,58.86,10601,2019-12-11T11:00:00+0000
2019-12-11T12:00:00+0000,58.87,59.07,58.86,59.02,9931,2019-12-11T12:00:00+0000
2019-12-11T13:00:00+0000,59.02,59.09,58.91,58.96,13410,2019-12-11T13:00:00+0000
2019-12-11T14:00:00+0000,58.95,59.19,58.83,59.16,35592,2019-12-11T14:00:00+0000
2019-12-11T15:00:00+0000,59.17,59.22,58.11,58.36,119045,2019-12-11T15:00:00+0000
2019-12-11T16:00:00+0000,58.35,58.69,58.27,58.56,74222,2019-12-11T16:00:00+0000
2019-12-11T17:00:00+0000,58.55,58.96,58.49,58.75,39315,2019-12-11T17:00:00+0000
2019-12-11T18:00:00+0000,58.75,58.8,58.61,58.65,19636,2019-12-11T18:00:00+0000
2019-12-11T19:00:00+0000,58.65,58.98,58.61,58.94,37045,2019-12-11T19:00:00+0000
2019-12-11T20:00:00+0000,58.95,58.98,58.79,58.85,8084,2019-12-11T20:00:00+0000
2019-12-11T21:00:00+0000,58.85,58.87,58.8,58.8,3015,2019-12-11T21:00:00+0000
2019-12-11T23:00:00+0000,58.88,58.96,58.84,58.93,2036,2019-12-11T23:00:00+0000
2019-12-12T00:00:00+0000,58.94,58.94,58.84,58.86,1388,2019-12-12T00:00:00+0000
2019-12-12T01:00:00+0000,58.86,58.93,58.83,58.91,3355,2019-12-12T01:00:00+0000
2019-12-12T02:00:00+0000,58.91,58.92,58.83,58.85,1966,2019-12-12T02:00:00+0000
2019-12-12T03:00:00+0000,58.85,58.89,58.84,58.89,1373,2019-12-12T03:00:00+0000
2019-12-12T04:00:00+0000,58.89,58.9,58.86,58.86,827,2019-12-12T04:00:00+0000
2019-12-12T05:00:00+0000,58.86,58.92,58.84,58.87,1670,2019-12-12T05:00:00+0000
2019-12-12T06:00:00+0000,58.87,58.91,58.86,58.9,1766,2019-12-12T06:00:00+0000
2019-12-12T07:00:00+0000,58.89,58.92,58.81,58.84,3882,2019-12-12T07:00:00+0000
2019-12-12T08:00:00+0000,58.85,58.97,58.78,58.86,15763,2019-12-12T08:00:00+0000
2019-12-12T09:00:00+0000,58.85,59.1,58.83,59.04,13933,2019-12-12T09:00:00+0000
2019-12-12T10:00:00+0000,59.03,59.19,58.98,59.08,15500,2019-12-12T10:00:00+0000
2019-12-12T11:00:00+0000,59.08,59.12,58.99,59.04,8576,2019-12-12T11:00:00+0000
2019-12-12T12:00:00+0000,59.04,59.09,58.86,59.07,12153,2019-12-12T12:00:00+0000
2019-12-12T13:00:00+0000,59.07,59.13,58.75,58.99,29885,2019-12-12T13:00:00+0000
2019-12-12T14:00:00+0000,59.0,59.65,58.79,59.62,86999,2019-12-12T14:00:00+0000
2019-12-12T15:00:00+0000,59.62,59.72,59.26,59.34,55895,2019-12-12T15:00:00+0000
2019-12-12T16:00:00+0000,59.34,59.42,59.14,59.38,46208,2019-12-12T16:00:00+0000
2019-12-12T17:00:00+0000,59.37,59.55,59.31,59.45,22831,2019-12-12T17:00:00+0000
2019-12-12T18:00:00+0000,59.46,59.57,59.36,59.4,17037,2019-12-12T18:00:00+0000
2019-12-12T19:00:00+0000,59.39,59.49,59.15,59.34,37825,2019-12-12T19:00:00+0000
2019-12-12T20:00:00+0000,59.35,59.44,59.26,59.26,6402,2019-12-12T20:00:00+0000
2019-12-12T21:00:00+0000,59.26,59.34,59.2,59.22,3181,2019-12-12T21:00:00+0000
2019-12-12T23:00:00+0000,59.38,59.6,59.38,59.59,3381,2019-12-12T23:00:00+0000
2019-12-13T00:00:00+0000,59.59,59.6,59.49,59.52,2429,2019-12-13T00:00:00+0000
2019-12-13T01:00:00+0000,59.52,59.57,59.46,59.51,4162,2019-12-13T01:00:00+0000
2019-12-13T02:00:00+0000,59.51,59.54,59.46,59.5,1806,2019-12-13T02:00:00+0000
2019-12-13T03:00:00+0000,59.49,59.56,59.48,59.51,2388,2019-12-13T03:00:00+0000
2019-12-13T04:00:00+0000,59.51,59.52,59.46,59.47,1243,2019-12-13T04:00:00+0000
2019-12-13T05:00:00+0000,59.47,59.51,59.46,59.48,1471,2019-12-13T05:00:00+0000
2019-12-13T06:00:00+0000,59.48,59.52,59.45,59.5,2282,2019-12-13T06:00:00+0000
2019-12-13T07:00:00+0000,59.51,59.56,59.46,59.51,4027,2019-12-13T07:00:00+0000
2019-12-13T08:00:00+0000,59.52,59.66,59.49,59.58,12969,2019-12-13T08:00:00+0000
2019-12-13T09:00:00+0000,59.59,59.75,59.58,59.74,11682,2019-12-13T09:00:00+0000
2019-12-13T10:00:00+0000,59.74,59.96,59.69,59.91,15990,2019-12-13T10:00:00+0000
2019-12-13T11:00:00+0000,59.9,60.0,59.84,59.89,10051,2019-12-13T11:00:00+0000
2019-12-13T12:00:00+0000,59.88,59.89,59.58,59.72,17916,2019-12-13T12:00:00+0000
2019-12-13T13:00:00+0000,59.72,59.89,59.62,59.79,23275,2019-12-13T13:00:00+0000
2019-12-13T14:00:00+0000,59.79,59.99,59.27,59.52,75304,2019-12-13T14:00:00+0000
2019-12-13T15:00:00+0000,59.52,60.48,59.4,59.47,93580,2019-12-13T15:00:00+0000
2019-12-13T16:00:00+0000,59.48,59.94,59.41,59.9,37089,2019-12-13T16:00:00+0000
2019-12-13T17:00:00+0000,59.9,60.09,59.85,59.98,21476,2019-12-13T17:00:00+0000
2019-12-13T18:00:00+0000,59.99,60.08,59.8,59.93,16989,2019-12-13T18:00:00+0000
2019-12-13T19:00:00+0000,59.94,60.12,59.89,60.02,23626,2019-12-13T19:00:00+0000
2019-12-13T20:00:00+0000,60.03,60.03,59.74,59.78,8882,2019-12-13T20:00:00+0000
2019-12-13T21:00:00+0000,59.79,59.86,59.76,59.78,3159,2019-12-13T21:00:00+0000
2019-12-15T23:00:00+0000,59.87,59.92,59.71,59.77,2056,2019-12-15T23:00:00+0000
2019-12-16T00:00:00+0000,59.76,59.86,59.75,59.86,1874,2019-12-16T00:00:00+0000
2019-12-16T01:00:00+0000,59.86,59.89,59.79,59.85,3028,2019-12-16T01:00:00+0000
2019-12-16T02:00:00+0000,59.85,59.88,59.81,59.84,1661,2019-12-16T02:00:00+0000
2019-12-16T03:00:00+0000,59.84,59.87,59.81,59.83,1362,2019-12-16T03:00:00+0000
2019-12-16T04:00:00+0000,59.83,59.87,59.81,59.84,966,2019-12-16T04:00:00+0000
2019-12-16T05:00:00+0000,59.85,59.87,59.83,59.85,1116,2019-12-16T05:00:00+0000
2019-12-16T06:00:00+0000,59.85,59.97,59.83,59.93,3368,2019-12-16T06:00:00+0000
2019-12-16T07:00:00+0000,59.92,60.0,59.91,59.96,3733,2019-12-16T07:00:00+0000
2019-12-16T08:00:00+0000,59.96,60.18,59.95,60.17,11693,2019-12-16T08:00:00+0000
2019-12-16T09:00:00+0000,60.17,60.2,60.08,60.09,8792,2019-12-16T09:00:00+0000
2019-12-16T10:00:00+0000,60.09,60.1,59.88,60.03,9746,2019-12-16T10:00:00+0000
2019-12-16T11:00:00+0000,60.03,60.09,59.95,60.04,6900,2019-12-16T11:00:00+0000
2019-12-16T12:00:00+0000,60.04,60.14,60.01,60.08,8113,2019-12-16T12:00:00+0000
2019-12-16T13:00:00+0000,60.08,60.24,59.97,60.2,15096,2019-12-16T13:00:00+0000
2019-12-16T14:00:00+0000,60.21,60.28,60.01,60.16,29003,2019-12-16T14:00:00+0000
2019-12-16T15:00:00+0000,60.16,60.34,60.08,60.25,26713,2019-12-16T15:00:00+0000
2019-12-16T16:00:00+0000,60.26,60.3,60.08,60.15,20575,2019-12-16T16:00:00+0000
2019-12-16T17:00:00+0000,60.16,60.22,60.11,60.19,9095,2019-12-16T17:00:00+0000
2019-12-16T18:00:00+0000,60.19,60.3,60.13,60.18,13280,2019-12-16T18:00:00+0000
2019-12-16T19:00:00+0000,60.17,60.26,60.14,60.25,26670,2019-12-16T19:00:00+0000
2019-12-16T20:00:00+0000,60.25,60.27,60.22,60.23,4388,2019-12-16T20:00:00+0000
2019-12-16T21:00:00+0000,60.23,60.28,60.2,60.22,2731,2019-12-16T21:00:00+0000
2019-12-16T23:00:00+0000,60.23,60.26,60.12,60.13,945,2019-12-16T23:00:00+0000
2019-12-17T00:00:00+0000,60.12,60.16,60.09,60.13,623,2019-12-17T00:00:00+0000
2019-12-17T01:00:00+0000,60.15,60.2,60.14,60.16,826,2019-12-17T01:00:00+0000
2019-12-17T02:00:00+0000,60.16,60.18,60.11,60.17,470,2019-12-17T02:00:00+0000
2019-12-17T03:00:00+0000,60.17,60.2,60.15,60.18,873,2019-12-17T03:00:00+0000
2019-12-17T04:00:00+0000,60.18,60.21,60.17,60.18,351,2019-12-17T04:00:00+0000
2019-12-17T05:00:00+0000,60.18,60.26,60.17,60.24,594,2019-12-17T05:00:00+0000
2019-12-17T06:00:00+0000,60.25,60.26,60.19,60.22,626,2019-12-17T06:00:00+0000
2019-12-17T07:00:00+0000,60.21,60.32,60.21,60.25,1270,2019-12-17T07:00:00+0000
2019-12-17T08:00:00+0000,60.26,60.35,60.11,60.12,3072,2019-12-17T08:00:00+0000
2019-12-17T09:00:00+0000,60.13,60.17,60.03,60.13,2663,2019-12-17T09:00:00+0000
2019-12-17T10:00:00+0000,60.14,60.28,60.12,60.24,2372,2019-12-17T10:00:00+0000
2019-12-17T11:00:00+0000,60.24,60.41,60.23,60.41,2370,2019-12-17T11:00:00+0000
2019-12-17T12:00:00+0000,60.4,60.46,60.33,60.4,2685,2019-12-17T12:00:00+0000
2019-12-17T13:00:00+0000,60.41,60.55,60.36,60.47,5631,2019-12-17T13:00:00+0000
2019-12-17T14:00:00+0000,60.48,60.76,60.32,60.67,15038,2019-12-17T14:00:00+0000
2019-12-17T15:00:00+0000,60.67,60.9,60.62,60.85,9498,2019-12-17T15:00:00+0000
2019-12-17T16:00:00+0000,60.85,61.06,60.73,60.88,11544,2019-12-17T16:00:00+0000
2019-12-17T17:00:00+0000,60.89,61.02,60.79,60.95,3508,2019-12-17T17:00:00+0000
2019-12-17T18:00:00+0000,60.96,61.01,60.83,60.89,3456,2019-12-17T18:00:00+0000
2019-12-17T19:00:00+0000,60.9,60.98,60.83,60.91,7420,2019-12-17T19:00:00+0000
2019-12-17T20:00:00+0000,60.91,60.94,60.87,60.88,1335,2019-12-17T20:00:00+0000
2019-12-17T21:00:00+0000,60.88,60.91,60.46,60.54,2147,2019-12-17T21:00:00+0000
2019-12-17T23:00:00+0000,60.55,60.61,60.44,60.57,579,2019-12-17T23:00:00+0000
2019-12-18T00:00:00+0000,60.58,60.61,60.55,60.61,171,2019-12-18T00:00:00+0000
2019-12-18T01:00:00+0000,60.63,60.64,60.56,60.57,334,2019-12-18T01:00:00+0000
2019-12-18T02:00:00+0000,60.56,60.6,60.52,60.53,330,2019-12-18T02:00:00+0000
2019-12-18T03:00:00+0000,60.53,60.55,60.5,60.52,278,2019-12-18T03:00:00+0000
2019-12-18T04:00:00+0000,60.52,60.54,60.49,60.5,283,2019-12-18T04:00:00+0000
2019-12-18T05:00:00+0000,60.51,60.59,60.51,60.56,328,2019-12-18T05:00:00+0000
2019-12-18T06:00:00+0000,60.55,60.55,60.41,60.47,595,2019-12-18T06:00:00+0000
2019-12-18T07:00:00+0000,60.46,60.52,60.43,60.49,724,2019-12-18T07:00:00+0000
2019-12-18T08:00:00+0000,60.5,60.57,60.43,60.47,767,2019-12-18T08:00:00+0000
2019-12-18T09:00:00+0000,60.47,60.51,60.32,60.35,1100,2019-12-18T09:00:00+0000
2019-12-18T10:00:00+0000,60.35,60.48,60.32,60.46,541,2019-12-18T10:00:00+0000
2019-12-18T11:00:00+0000,60.47,60.57,60.47,60.49,781,2019-12-18T11:00:00+0000
2019-12-18T12:00:00+0000,60.49,60.7,60.48,60.65,1443,2019-12-18T12:00:00+0000
2019-12-18T13:00:00+0000,60.65,60.68,60.51,60.58,2029,2019-12-18T13:00:00+0000
2019-12-18T14:00:00+0000,60.58,60.68,60.38,60.41,3052,2019-12-18T14:00:00+0000
2019-12-18T15:00:00+0000,60.42,61.12,60.38,60.98,6641,2019-12-18T15:00:00+0000
2019-12-18T16:00:00+0000,60.98,61.06,60.8,60.94,3596,2019-12-18T16:00:00+0000
2019-12-18T17:00:00+0000,60.95,61.18,60.92,61.09,2990,2019-12-18T17:00:00+0000
2019-12-18T18:00:00+0000,61.1,61.17,60.94,61.02,3065,2019-12-18T18:00:00+0000
2019-12-18T19:00:00+0000,61.02,61.04,60.86,60.94,4087,2019-12-18T19:00:00+0000
2019-12-18T20:00:00+0000,60.93,61.0,60.92,60.94,806,2019-12-18T20:00:00+0000
2019-12-18T21:00:00+0000,60.96,61.0,60.89,60.89,634,2019-12-18T21:00:00+0000
2019-12-18T23:00:00+0000,60.86,60.92,60.84,60.91,39,2019-12-18T23:00:00+0000
2019-12-19T00:00:00+0000,60.9,60.95,60.88,60.94,31,2019-12-19T00:00:00+0000
2019-12-19T01:00:00+0000,60.93,60.95,60.9,60.91,89,2019-12-19T01:00:00+0000
2019-12-19T02:00:00+0000,60.9,60.91,60.89,60.89,3,2019-12-19T02:00:00+0000
2019-12-19T03:00:00+0000,60.87,60.92,60.86,60.9,14,2019-12-19T03:00:00+0000
2019-12-19T04:00:00+0000,60.91,60.92,60.84,60.92,15,2019-12-19T04:00:00+0000
2019-12-19T05:00:00+0000,60.89,60.94,60.89,60.94,6,2019-12-19T05:00:00+0000
2019-12-19T06:00:00+0000,60.97,60.98,60.96,60.98,8,2019-12-19T06:00:00+0000
2019-12-19T07:00:00+0000,60.96,60.97,60.89,60.89,126,2019-12-19T07:00:00+0000
2019-12-19T08:00:00+0000,60.89,60.93,60.84,60.86,447,2019-12-19T08:00:00+0000
2019-12-19T09:00:00+0000,60.84,61.0,60.84,60.99,15,2019-12-19T09:00:00+0000
2019-12-19T10:00:00+0000,60.98,60.99,60.94,60.94,40,2019-12-19T10:00:00+0000
2019-12-19T11:00:00+0000,60.97,61.0,60.97,61.0,32,2019-12-19T11:00:00+0000
2019-12-19T12:00:00+0000,60.97,60.98,60.97,60.98,4,2019-12-19T12:00:00+0000
2019-12-19T13:00:00+0000,60.9,60.95,60.79,60.95,47,2019-12-19T13:00:00+0000
2019-12-19T14:00:00+0000,60.96,61.13,60.96,61.09,269,2019-12-19T14:00:00+0000
2019-12-19T15:00:00+0000,61.08,61.14,60.85,61.1,141,2019-12-19T15:00:00+0000
2019-12-19T16:00:00+0000,61.2,61.47,61.2,61.3,638,2019-12-19T16:00:00+0000
2019-12-19T17:00:00+0000,61.35,61.35,61.25,61.27,115,2019-12-19T17:00:00+0000
2019-12-19T18:00:00+0000,61.22,61.25,61.19,61.2,151,2019-12-19T18:00:00+0000
2019-12-19T19:00:00+0000,61.2,61.35,61.15,61.3,5566,2019-12-19T19:00:00+0000
